score,ok,max_att,threshold,lookahead,release,knee,bias,noise,signal,ssnr
4.143278286325387,True,18.0,12.0,4,80.0,12.0,1.0,-6.042168511066577,-0.9845877900217688,8.241748132688633
6.93460987460228,False,30.0,9.0,4,80.0,6.0,1.5,-16.203754125518135,-1.6500893618826418,5.5548734773926105
6.7572753900493225,False,30.0,12.0,4,80.0,6.0,1.2,-18.002291272224685,-1.9322925315435828,4.990242416254268
6.624147969095304,False,30.0,12.0,4,80.0,6.0,1.0,-15.178975398058748,-1.5642041172203365,5.783204021375358
5.8777003445452625,False,30.0,9.0,4,40.0,6.0,1.5,-16.99257458559898,-1.8168276980961966,4.882115986644011
5.828465953073243,False,30.0,12.0,4,40.0,6.0,1.2,-18.90831960824301,-2.1099873179568704,4.339365709376998
5.589427288018685,False,24.0,9.0,4,80.0,6.0,1.5,-13.32051115660225,-1.5335869790510779,6.14915009431141
5.517556484800984,False,30.0,12.0,4,40.0,6.0,1.0,-15.91147348787059,-1.7278214152912692,5.109085181428676
5.396403314159716,False,24.0,12.0,4,80.0,6.0,1.0,-12.465820665343436,-1.4520100599531018,6.357617974364367
5.384459722181555,False,30.0,9.0,2,80.0,6.0,1.5,-16.578031778853838,-1.9614386814302798,5.059683553835853
5.344173804542843,False,24.0,12.0,4,80.0,6.0,1.2,-14.837317808007855,-1.7905285610369865,5.653532399849548
5.315340760445395,False,30.0,9.0,4,80.0,6.0,1.2,-12.256181354230577,-1.3831490021982817,6.3186147664314065
5.241689479474168,False,30.0,12.0,4,20.0,6.0,1.2,-19.493089218669855,-2.230916981882866,3.9349871632530307
5.219870275116234,False,30.0,9.0,4,20.0,6.0,1.5,-17.503091336174453,-1.9256654245248919,4.4611991662848025
5.141128373148309,False,30.0,12.0,2,80.0,6.0,1.2,-18.313290248136607,-2.2682277571198255,4.530572258212164
5.131085050086645,False,30.0,12.0,2,80.0,6.0,1.0,-15.582522831410175,-1.8661183940792967,5.287770260483755
4.8357049376595125,False,30.0,12.0,4,20.0,6.0,1.0,-16.38870133259914,-1.8331258070292895,4.687502073100695
4.70046477612898,False,30.0,9.0,4,80.0,12.0,1.5,-10.673452312315533,-1.3803455328494902,6.798336091207534
4.649417621236276,False,30.0,12.0,4,80.0,12.0,1.2,-12.188493997729472,-1.605688008293915,6.35330538422085
4.590545548294918,False,18.0,9.0,4,80.0,6.0,1.5,-10.185975835756276,-1.3607178704332041,6.957673221945702
4.5474655441566725,False,30.0,12.0,4,80.0,12.0,1.0,-9.874991753085942,-1.301054947347046,7.002130876582509
4.517080683248048,False,24.0,9.0,4,80.0,6.0,1.2,-10.021539527490154,-1.271237733606332,6.868938738315021
4.514516936014793,False,18.0,12.0,4,80.0,6.0,1.0,-9.532442426023282,-1.2854436998444088,7.133514364788944
4.483405328317103,False,30.0,6.0,4,80.0,6.0,1.5,-10.054173719702918,-1.2295535927143029,6.7732577534051215
4.291664582744215,False,18.0,12.0,4,80.0,6.0,1.2,-11.353048355582303,-1.585292545468027,6.5615584918095715
4.287323946104131,False,24.0,9.0,4,80.0,12.0,1.5,-8.62973483316135,-1.2396712730155255,7.402613026021253
4.233205716143764,False,12.0,9.0,4,80.0,12.0,1.5,-4.387079238942667,-0.7991590921762608,8.836113436891514
4.220031792823457,False,24.0,12.0,4,80.0,12.0,1.0,-7.983351949991909,-1.164828341479858,7.579893993662136
4.2181769856649565,False,12.0,12.0,4,80.0,12.0,1.0,-4.060660933766096,-0.7444468603517823,8.909739876503679
4.21622269457807,False,12.0,9.0,4,80.0,6.0,1.5,-6.888151274012446,-1.0936044770550042,8.018753985891893
4.210888444410403,False,12.0,12.0,4,80.0,6.0,1.0,-6.450394633572226,-1.0294210819074874,8.138690088306895
4.19884447932359,False,30.0,9.0,2,40.0,6.0,1.5,-17.430877162378,-2.1630634906412776,4.342890454461286
4.16034608145177,False,24.0,9.0,2,80.0,6.0,1.5,-13.638518135358346,-1.8258305322005046,5.713971331374044
4.158836899555405,False,18.0,9.0,4,80.0,12.0,1.5,-6.530227477724931,-1.0519693751597765,8.106570333681477
4.152579862521785,False,24.0,12.0,4,80.0,12.0,1.2,-9.860952385994546,-1.444179047046865,7.026393868860492
4.150011104204543,False,24.0,9.0,4,40.0,6.0,1.5,-13.836608020869235,-1.7185927072341407,5.44890216254544
4.147647460667825,False,30.0,9.0,4,80.0,6.0,1.0,-8.936089756296003,-1.1489742467557464,7.043551782346106
4.131315446473425,False,12.0,12.0,4,80.0,12.0,1.2,-5.010863200026816,-0.9376362756346884,8.680992096701912
4.084790479759754,False,30.0,9.0,4,40.0,6.0,1.2,-12.822616971206907,-1.544999800312462,5.662898014771692
4.0829659195043275,False,12.0,9.0,4,80.0,12.0,1.2,-3.155293126955146,-0.6062194549726491,9.08747713876014
4.0592151422525165,False,18.0,9.0,4,80.0,6.0,1.2,-7.651506373990739,-1.1102859871653947,7.583594924905555
4.057407896517436,False,30.0,12.0,2,40.0,6.0,1.2,-19.275755493117877,-2.489923659146734,3.8400232504464547
4.03163131782506,False,12.0,9.0,4,80.0,6.0,1.2,-5.179200718395243,-0.8735672951885726,8.450877802524342
4.020880889902823,False,24.0,12.0,2,80.0,6.0,1.0,-12.807884601742828,-1.7356629809685205,5.924304175559353
4.016955540608603,False,24.0,6.0,4,80.0,6.0,1.5,-8.185053544401255,-1.117798022130279,7.3069595913256675
4.007751246798126,False,30.0,9.0,4,80.0,12.0,1.2,-7.67701152621758,-1.1089483580100576,7.543103957331934
4.000915282984505,False,18.0,9.0,4,80.0,12.0,1.2,-4.693272148236993,-0.8157446989429867,8.591750175814811
3.9958230913441657,False,18.0,12.0,4,80.0,12.0,1.2,-7.461870041195303,-1.2289772139677142,7.824753906052577
3.983110817880947,False,30.0,9.0,2,80.0,6.0,1.2,-12.706353905106996,-1.6652169492937,5.8505154403541
3.964936894910969,False,12.0,6.0,4,80.0,12.0,1.5,-2.495780658954079,-0.4979944575677167,9.195881364356595
3.953816092239844,False,24.0,12.0,4,40.0,6.0,1.0,-12.958442172110272,-1.6334971030454917,5.662244174659598
3.9522354504148955,False,12.0,12.0,4,80.0,6.0,1.2,-7.672257006254893,-1.273198598486595,7.764098679836469
3.9406521165335997,False,12.0,6.0,4,80.0,6.0,1.5,-4.212854108134806,-0.7446296864803593,8.69515509394651
3.93686103309037,False,24.0,12.0,4,40.0,6.0,1.2,-15.401476823029432,-1.9865772093751737,4.961869479119804
3.9334322484341797,False,24.0,9.0,4,80.0,12.0,1.2,-6.201697244711878,-0.9799149789569782,8.050051530323193
3.925568633347587,False,18.0,6.0,4,80.0,12.0,1.5,-3.7140085835522942,-0.6800838507547905,8.840217361056407
3.9115474629508817,False,30.0,12.0,2,40.0,6.0,1.0,-16.386215007678228,-2.061762338137377,4.569621294868967
3.896592358753323,False,12.0,9.0,4,80.0,6.0,1.0,-3.734283152164489,-0.6781983815255281,8.812763735609284
3.880745375528303,False,18.0,9.0,4,80.0,12.0,1.0,-3.245345804232043,-0.6114493503183044,8.949185371152161
3.8480001913715194,False,12.0,9.0,4,80.0,12.0,1.0,-2.180564137904188,-0.4441879821775563,9.2364263379448
3.8478551766097038,False,24.0,12.0,2,80.0,6.0,1.2,-15.104510123746431,-2.1045484802925905,5.2428068068970965
3.839731933752855,False,18.0,6.0,4,80.0,6.0,1.5,-6.23302576570867,-0.9627884596050919,7.961847333456305
3.8358379920565646,False,24.0,9.0,4,80.0,6.0,1.0,-7.264567391089038,-1.0372420292592992,7.555809904399287
3.8248944689921807,False,24.0,6.0,4,80.0,12.0,1.5,-4.91118346752372,-0.8280276130919909,8.413208480398792
3.785776760444187,False,24.0,9.0,4,80.0,12.0,1.0,-4.29227209956542,-0.7500036596035926,8.586069379871347
3.7805012606981876,False,30.0,6.0,4,80.0,12.0,1.5,-6.085877855283331,-0.948384788760248,7.984200445874375
3.7675973565979284,False,18.0,9.0,4,80.0,6.0,1.0,-5.527547957139062,-0.8858053759776903,8.163044323722543
3.727197944996533,False,12.0,12.0,2,80.0,12.0,1.0,-4.19819173803602,-0.902832153157525,8.833062893243119
3.7114191740627938,False,30.0,9.0,4,80.0,12.0,1.0,-5.320436931183813,-0.8648720609822963,8.20711077293951
3.7067227292069678,False,12.0,9.0,2,80.0,12.0,1.2,-3.2988797474696896,-0.7473347290807767,9.039235144516379
3.70341561489471,False,12.0,9.0,2,80.0,12.0,1.5,-4.519664595900895,-0.9637826296450857,8.75186101399111
3.692821250472253,False,12.0,6.0,4,80.0,6.0,1.2,-2.390738922156811,-0.47359520584459164,9.075745532951183
3.6714069348463294,False,18.0,6.0,4,80.0,12.0,1.2,-2.000795715662102,-0.41081382584136367,9.165837908380734
3.668829291516921,False,12.0,6.0,2,80.0,12.0,1.5,-2.6344037191543284,-0.6252834034705487,9.169449451413694
3.6213401464588557,False,12.0,9.0,2,80.0,12.0,1.0,-2.312686260688134,-0.5637820380764261,9.220850542288774
3.617847028697131,False,24.0,6.0,4,80.0,12.0,1.2,-2.6411312857966758,-0.5146948972956423,8.974711777420266
3.546923140867124,False,18.0,6.0,4,80.0,6.0,1.2,-3.525091356082292,-0.6380104340774762,8.682243103535205
3.5337959428922385,False,12.0,12.0,2,80.0,12.0,1.2,-5.132805196842068,-1.1151814482624458,8.587579105445329
3.523552875145601,False,30.0,6.0,4,80.0,12.0,1.2,-3.2675412347088977,-0.6054453905157228,8.75048546601851
3.4868536957241467,False,30.0,9.0,2,20.0,6.0,1.5,-18.017327559181073,-2.3017954887380254,3.901767861405149
3.4713351816928806,False,12.0,6.0,4,80.0,12.0,1.2,-1.3469137167026162,-0.2918595116699119,9.293197838475114
3.4466788022895622,False,12.0,3.0,4,80.0,6.0,1.5,-1.3876483016370067,-0.30232245697772275,9.197310495819437
3.4190872605013816,False,30.0,9.0,2,80.0,12.0,1.5,-10.98822515479859,-1.6527020575798916,6.408795699247808
3.4084360781460976,False,24.0,3.0,4,80.0,12.0,1.5,-1.4941332386921318,-0.3234963228986894,9.156707464101592
3.408284968934902,False,12.0,9.0,4,40.0,12.0,1.0,-2.2791754893660667,-0.5593413416177918,9.11787831223768
3.4029861062886826,False,12.0,6.0,4,40.0,12.0,1.5,-2.602817476828754,-0.6232209987398855,9.049227372866367
3.4028562674984943,False,24.0,6.0,4,80.0,6.0,1.2,-4.615687828161808,-0.7677327007717802,8.259494830852589
3.3904269315248827,False,12.0,12.0,2,80.0,6.0,1.0,-6.632247338231063,-1.236676151088794,7.948415583306676
3.3896399057831,False,18.0,9.0,2,80.0,12.0,1.0,-3.4399338745392747,-0.7730831772036829,8.848789341454012
3.3846425523300887,False,30.0,12.0,2,20.0,6.0,1.2,-19.929189565565405,-2.6496711306507486,3.41654474938504
3.3769550263032695,False,18.0,6.0,2,80.0,12.0,1.5,-3.9181053351981725,-0.8507258025702872,8.719825109434554
3.3729881882648463,False,18.0,3.0,4,80.0,12.0,1.5,-1.1356718272725703,-0.2542278796692414,9.243340872194896
3.371767875982781,False,18.0,6.0,2,80.0,12.0,1.2,-2.175292095948088,-0.5419378994230432,9.125456299178486
3.3715771641932246,False,18.0,9.0,2,80.0,6.0,1.5,-10.433446744077779,-1.6232734381841805,6.618286927360568
3.3646723269760628,False,12.0,9.0,4,40.0,12.0,1.2,-3.275447268938104,-0.749142269793587,8.882637493735935
3.3556080066493976,False,12.0,9.0,2,80.0,6.0,1.5,-7.0568011002485775,-1.307228701728367,7.824558065819535
3.347921795789212,False,30.0,9.0,4,20.0,6.0,1.2,-13.20773145676601,-1.6464405155668522,5.254067502888454
3.34606409602097,False,30.0,6.0,4,80.0,6.0,1.2,-5.660096736409482,-0.8706113807098476,7.86321231089709
3.3440492648843705,False,18.0,12.0,2,80.0,6.0,1.0,-9.798760228585232,-1.540342469084698,6.7974697818031915
3.3413939531513375,False,30.0,3.0,4,80.0,12.0,1.5,-1.8422386139144091,-0.38628243164229065,9.043312877108475
3.3405002371276167,False,18.0,9.0,2,80.0,12.0,1.2,-4.9047946974585495,-1.0021913131650912,8.435451299608745
3.340490383201754,False,12.0,9.0,2,80.0,6.0,1.0,-3.9359353432638624,-0.8494575789863928,8.69077544847511
3.338326805606611,False,12.0,9.0,2,80.0,6.0,1.2,-5.384091369788584,-1.0644534643973815,8.28810947453166
3.337780289733991,False,12.0,6.0,2,80.0,6.0,1.5,-4.420797354339476,-0.9232235236381037,8.557638313180988
3.332683259018065,False,18.0,12.0,2,80.0,12.0,1.0,-6.245583885976701,-1.1910072579096906,8.044372133411793
3.3326069982374067,False,18.0,3.0,4,80.0,6.0,1.5,-2.03139422187826,-0.41751439822553166,8.991189545544445
3.3304387527259003,False,12.0,6.0,4,80.0,6.0,1.0,-0.9863687479878537,-0.21864333175398443,9.22575339485694
3.3290882123167096,False,24.0,6.0,4,80.0,12.0,1.0,-1.047977354497496,-0.2323164906073972,9.203341724847277
3.3189513548479255,False,30.0,12.0,2,80.0,12.0,1.0,-10.201180697509324,-1.5651020837119998,6.620850014263875
3.3189090729101873,False,12.0,6.0,2,80.0,6.0,1.2,-2.583279393139039,-0.6185204952850739,9.00990714283976
3.317655022894849,False,12.0,12.0,4,80.0,12.0,1.5,-6.0149048032904995,-1.4202370035536693,8.496042175159253
3.305098517192315,False,12.0,6.0,2,80.0,12.0,1.2,-1.4647272044470834,-0.38654289575158957,9.304747811136002
3.303803547338434,False,12.0,6.0,4,40.0,12.0,1.2,-1.4286469389383185,-0.37494779719996146,9.242043964542836
3.301891952019796,False,12.0,12.0,4,40.0,12.0,1.0,-4.190683559928206,-0.9077912170174391,8.631602581598528
3.2993899014090884,False,18.0,9.0,2,80.0,12.0,1.5,-6.726494448490687,-1.2658125788827788,7.899478154809944
3.294832676503013,False,24.0,9.0,2,80.0,6.0,1.2,-10.4017226755163,-1.5359229474180918,6.464750981647069
3.2911394842287374,False,30.0,6.0,4,80.0,12.0,1.0,-1.2916519539024227,-0.2791319300430732,9.132753220254342
3.2874128471779915,False,18.0,6.0,4,80.0,6.0,1.0,-1.4422875161370419,-0.30510081326341904,9.094525445442178
3.282718167324937,False,30.0,12.0,2,80.0,12.0,1.2,-12.477023406382232,-1.8977038531328334,5.963714720197178
3.2526547200693123,False,18.0,6.0,4,80.0,12.0,1.0,-0.7968700656478895,-0.18140511519285904,9.253890390628275
3.250873440446777,False,12.0,9.0,4,40.0,12.0,1.5,-4.517792278668151,-0.9695811682685042,8.535223893318644
3.2337739076025405,False,12.0,3.0,4,80.0,12.0,1.5,-0.7670381756531971,-0.17775475601688565,9.290338419224865
3.2336685933783462,False,12.0,3.0,2,80.0,6.0,1.5,-1.5641717867250622,-0.4171088480920551,9.1747232354913
3.233578644295406,False,24.0,9.0,4,20.0,6.0,1.5,-14.167374415666693,-1.8396187838120739,5.006841850059042
3.2245413688467783,False,18.0,3.0,2,80.0,12.0,1.5,-1.2872082761704204,-0.3542223024412141,9.24009303976839
3.224228627190037,False,30.0,6.0,2,80.0,6.0,1.5,-10.516042784872043,-1.5017031042021642,6.320959137488818
3.194148151122091,False,12.0,6.0,2,80.0,6.0,1.0,-1.1389222777664316,-0.31492470888144686,9.22078600886321
3.19194361199747,False,30.0,12.0,2,20.0,6.0,1.0,-16.944631329710194,-2.1936032782588635,4.128372618558508
3.178150334284026,False,24.0,9.0,2,80.0,12.0,1.5,-8.887087226335337,-1.4879071645259918,7.091703860789907
3.1688862782115734,False,30.0,6.0,4,40.0,6.0,1.5,-10.509615201351119,-1.393511448847329,6.134214271727796
3.168466595037324,False,18.0,6.0,4,40.0,12.0,1.2,-2.1208292664820934,-0.5200400343499582,9.018190275829127
3.1640545842222156,False,18.0,3.0,4,40.0,12.0,1.5,-1.234220727635219,-0.3295315804061221,9.173525858929256
3.1631040384764946,False,24.0,12.0,2,80.0,12.0,1.0,-8.249957240483923,-1.405069577209086,7.27848932483649
3.1604223995574467,False,12.0,6.0,4,80.0,12.0,1.0,-0.5384323061831785,-0.12600330220857722,9.277124297092628
3.1535207452397414,False,12.0,6.0,4,20.0,12.0,1.2,-1.4939605811064067,-0.43543201295077827,9.19723966151941
3.1529211875074137,False,24.0,6.0,4,80.0,6.0,1.0,-1.8724450140774145,-0.3794065448051381,8.923659463949281
3.1528963145339337,False,18.0,6.0,4,40.0,12.0,1.0,-0.8766858924307798,-0.23967527555255705,9.211929684406988
3.1487082659586,False,24.0,3.0,4,80.0,6.0,1.5,-2.640201222019476,-0.5141620268357386,8.739808122249745
3.1467355912185067,False,24.0,6.0,2,80.0,12.0,1.0,-1.2173531482120692,-0.3368174756806746,9.184228995050805
3.1463125829123033,False,24.0,6.0,2,80.0,12.0,1.2,-2.8707775460749185,-0.6761684998585046,8.866331828233024
3.1442196057560157,False,30.0,9.0,4,40.0,12.0,1.5,-11.053741413051327,-1.5740407445621045,6.120611773222076
3.1421320121003244,False,24.0,3.0,2,80.0,12.0,1.5,-1.6937382247363704,-0.44907202340713104,9.112116488819249
3.134608493710117,False,12.0,3.0,4,40.0,12.0,1.5,-0.8344266069244455,-0.23327270440477624,9.273756365689307
3.133873319874701,False,18.0,6.0,2,80.0,12.0,1.0,-0.9255316800435711,-0.2638861200562901,9.262924586739006
3.1249118980293487,False,12.0,9.0,0,80.0,12.0,1.0,-2.6746959736562723,-0.8023793529689413,9.142988551666525
3.1236061030449336,False,12.0,3.0,2,80.0,12.0,1.5,-0.8692833808718623,-0.24855909260897624,9.313139947795833
3.1143519136266056,False,12.0,6.0,2,40.0,12.0,1.2,-1.5711364856394303,-0.4855948573376084,9.247096963975757
3.1037306972892775,False,12.0,6.0,4,40.0,6.0,1.0,-1.0826439244147987,-0.28694734175792663,9.155275959100704
3.0960756331407424,False,12.0,9.0,2,40.0,12.0,1.0,-2.4386824907002143,-0.6978192275044314,9.089736972503486
3.092139936724683,False,12.0,6.0,0,80.0,12.0,1.5,-3.003972257960477,-0.8764512636508824,9.073072294885002
3.087923450917921,False,12.0,6.0,4,40.0,12.0,1.0,-0.5930240501210697,-0.1683668664010495,9.27082820587946
3.087425024812516,False,12.0,3.0,4,40.0,6.0,1.5,-1.5048628385695737,-0.38907802329462143,9.089209688089978
3.0834490283263243,False,30.0,12.0,4,40.0,12.0,1.2,-12.607520159688397,-1.808331273822726,5.664772905079627
3.0766367925056226,False,24.0,9.0,4,40.0,6.0,1.2,-10.431197294213375,-1.448213593080551,6.209351698793525
3.073611663975545,False,12.0,6.0,2,80.0,12.0,1.0,-0.6253038336739808,-0.18389738989947854,9.301570001416616
3.071429218663824,False,24.0,9.0,2,80.0,12.0,1.0,-4.546858720389454,-0.9443759108745086,8.393160675475523
3.0624209866181653,False,12.0,6.0,4,40.0,6.0,1.2,-2.527551009275755,-0.5953767778640019,8.874811715493783
3.0588886592148037,False,12.0,3.0,4,20.0,12.0,1.5,-0.8887617363681063,-0.2766243590511008,9.255452342951273
3.0587250952639065,False,12.0,9.0,4,20.0,12.0,1.0,-2.356495045332064,-0.6400398054409847,9.025486293153973
3.05412821129337,False,18.0,12.0,2,80.0,12.0,1.2,-7.642429113704684,-1.4588924703077446,7.608499814282535
3.0523232927523143,False,18.0,9.0,4,40.0,12.0,1.0,-3.390650029125142,-0.7561260099468505,8.679337206760437
3.0463644819248827,False,24.0,6.0,2,80.0,12.0,1.5,-5.178025946922741,-1.031668144173024,8.195983043787182
3.043954779217632,False,12.0,6.0,2,40.0,12.0,1.5,-2.7685081790868264,-0.7706391422673243,9.007993573492964
3.043660973633613,False,24.0,6.0,4,40.0,12.0,1.0,-1.1517013026365455,-0.3035936631943984,9.115681890316706
3.0435797050738067,False,24.0,12.0,4,20.0,6.0,1.0,-13.278919537001164,-1.7509316138193487,5.223039064791919
3.042903242531895,False,12.0,12.0,4,40.0,12.0,1.2,-5.142635714205867,-1.1217609871230223,8.347086804874122
3.0362934614088246,False,24.0,9.0,2,80.0,12.0,1.2,-6.478155029765428,-1.199468011047671,7.79258279241978
3.0348297573763405,False,12.0,12.0,2,80.0,6.0,1.2,-7.814617563538573,-1.5011372671215362,7.576123557627763
3.0344717061981514,False,18.0,9.0,2,80.0,6.0,1.2,-7.948782819978898,-1.3470512088660758,7.277732816435315
3.0302570202299144,False,12.0,6.0,4,20.0,12.0,1.0,-0.6382057442712351,-0.2026495746804402,9.261553828087154
3.0298148722599247,False,12.0,6.0,0,80.0,12.0,1.2,-1.7960030334701687,-0.5887293870700813,9.284400798301332
3.0260130767231863,False,18.0,3.0,4,80.0,6.0,1.2,-0.26793693009382596,-0.08064128445687992,9.215104545394599
3.024912785923842,False,24.0,12.0,4,20.0,6.0,1.2,-15.755175311373433,-2.119310515160469,4.5281460700424825
3.019178216771809,False,30.0,3.0,4,80.0,12.0,1.2,-0.23288926622361317,-0.07123701648393464,9.223022341023016
3.017139277716555,False,30.0,6.0,2,80.0,12.0,1.0,-1.5006777597317926,-0.4033313622079658,9.077539362330905
3.0155022500458335,False,12.0,3.0,4,80.0,6.0,1.2,-0.1836425602594838,-0.0560467700712168,9.234805590103258
3.0142402471027325,False,24.0,3.0,4,80.0,12.0,1.2,-0.18903435333995577,-0.05826470207907442,9.232675244249002
3.0100895244427424,False,30.0,12.0,4,40.0,12.0,1.0,-10.237979583401133,-1.4914682611038186,6.337568922203108
3.00978187907787,False,18.0,3.0,4,80.0,12.0,1.2,-0.14385111114253865,-0.04468974402155621,9.237384262531046
3.00769691970123,False,18.0,12.0,2,80.0,6.0,1.2,-11.561869629896782,-1.8663500272297682,6.236750245773451
3.0058718865952523,False,12.0,3.0,4,80.0,12.0,1.2,-0.09730640556840801,-0.030478172991051822,9.2363411465023
3.002384143451703,False,18.0,6.0,2,40.0,12.0,1.0,-1.0367499117157453,-0.3413428545235049,9.209142957679811
3.000524324720516,False,12.0,6.0,4,20.0,12.0,1.5,-2.6854399779053537,-0.7104385289050276,8.937511526791697
3.000484998560317,False,12.0,3.0,2,40.0,12.0,1.5,-0.958943559539177,-0.3194861869929532,9.29465777692175
2.998142663779902,False,12.0,9.0,0,80.0,12.0,1.2,-3.673180862911018,-1.0244797094808933,8.913512024682356
2.9981273527919194,False,12.0,3.0,4,80.0,12.0,1.0,-0.00028549213964844123,-0.0007193797825762824,9.215591235977373
2.997212172869884,False,18.0,3.0,4,80.0,12.0,1.0,-0.0004264335019567127,-0.0010714202106908057,9.216051468076126
2.9971295067009978,False,12.0,3.0,4,40.0,12.0,1.0,-0.0005045933216185141,-0.001125028873540112,9.216093377892784
2.9966486465335587,False,24.0,3.0,4,40.0,12.0,1.5,-1.6222258300615833,-0.4143174022059981,9.02299907157156
2.9963789624965154,False,12.0,3.0,4,80.0,6.0,1.0,-0.0005565880155303454,-0.0013925418396717843,9.21637851733529
2.9963107083757023,False,24.0,3.0,4,80.0,12.0,1.0,-0.0005661918674817612,-0.0014184944972597993,9.216396390648844
2.995896216220524,False,12.0,3.0,4,20.0,12.0,1.0,-0.0008196809865911977,-0.0016411549220224449,9.216550753970216
2.9957449760999366,False,18.0,3.0,4,40.0,12.0,1.0,-0.0007515376439158006,-0.0016688538479930097,9.216592578505159
2.995732021806109,False,18.0,6.0,4,20.0,12.0,1.0,-0.9423085622493758,-0.2862004262850048,9.170323929232449
2.99542268285324,False,30.0,3.0,4,80.0,12.0,1.0,-0.000704781756318479,-0.0017606996343594314,9.216629605193225
2.9946463958870675,False,18.0,3.0,4,80.0,6.0,1.0,-0.0008280916717637557,-0.0020605652615655226,9.21675923261126
2.994630251676307,False,12.0,3.0,2,80.0,12.0,1.0,-0.0017316376863138912,-0.0023671286700023566,9.217734005499656
2.9944990040585684,False,12.0,3.0,4,40.0,6.0,1.0,-0.0009780590016281942,-0.0021596849810200662,9.216851179725273
2.9943928148621515,False,24.0,3.0,4,40.0,12.0,1.0,-0.0009950099187964114,-0.0022007316855483165,9.216847087013505
2.9939478021975394,False,18.0,3.0,4,20.0,12.0,1.0,-0.001216266677944091,-0.002422821493468163,9.216967601753245
2.9935047772167653,False,30.0,6.0,4,80.0,6.0,1.0,-2.276342638045996,-0.4434805971233608,8.738113525297
2.99307199266059,False,30.0,3.0,4,40.0,12.0,1.0,-0.001235081189667973,-0.002721029509692604,9.216870741929535
2.9929631424283314,False,24.0,3.0,4,80.0,6.0,1.0,-0.0010952123432539373,-0.002710689971640784,9.216742759095045
2.992213092043116,False,12.0,3.0,4,20.0,6.0,1.0,-0.001576934046107012,-0.0031212806676637096,9.217010103801575
2.992064242486159,False,24.0,3.0,4,20.0,12.0,1.0,-0.0016043727173692855,-0.003180043410403476,9.216959712999188
2.992029723847367,False,18.0,3.0,2,80.0,12.0,1.0,-0.0025806341734420715,-0.0035169701086917565,9.218903203681528
2.9920176103667746,False,18.0,6.0,4,40.0,12.0,1.5,-3.8721990101719554,-0.834897038095491,8.52656641726722
2.9919316217906116,False,18.0,3.0,4,40.0,6.0,1.0,-0.0014472370783455858,-0.0031718717625779432,9.216748571921501
2.99154819417306,False,12.0,3.0,2,40.0,12.0,1.0,-0.0030183510137085086,-0.003823385613549316,9.219089019201265
2.9913273221051697,False,30.0,3.0,4,80.0,6.0,1.0,-0.0013580539756347556,-0.0033435772901550874,9.216361297792778
2.990242635761523,False,30.0,3.0,4,20.0,12.0,1.0,-0.0019842544486489973,-0.003913872895708624,9.216563381932636
2.9897544977472728,False,12.0,3.0,2,80.0,6.0,1.0,-0.003336821459729264,-0.004527441237485426,9.21967759811137
2.989483151195452,False,24.0,3.0,2,80.0,12.0,1.0,-0.0034187280296555356,-0.0046451922780679005,9.219728166523344
2.989476565995499,False,24.0,3.0,4,40.0,6.0,1.0,-0.0019038661054605586,-0.0041424333699872536,9.2158703531984
2.9886855294646164,False,18.0,3.0,4,20.0,6.0,1.0,-0.0023171303402349957,-0.004543866958539569,9.215998845114619
2.9879633634881144,False,12.0,3.0,4,40.0,12.0,1.2,-0.1180634865074776,-0.043366707673121146,9.239400819290795
2.987952177965715,False,12.0,3.0,2,20.0,12.0,1.0,-0.004800483017439267,-0.005616101683908092,9.220468464386055
2.987521715021373,False,18.0,3.0,2,40.0,12.0,1.0,-0.004479547015387727,-0.005652610664671616,9.220352998352826
2.987127157250416,False,30.0,3.0,4,40.0,6.0,1.0,-0.0023484308174698174,-0.005073757855684654,9.214326859783975
2.9869889030896637,False,30.0,3.0,2,80.0,12.0,1.0,-0.0042461442270098635,-0.005752413712448691,9.220224383844366
2.985693921354715,False,12.0,3.0,4,40.0,6.0,1.2,-0.22167488118487244,-0.07866031994338578,9.223917317825281
2.984932029118153,False,18.0,3.0,2,80.0,6.0,1.0,-0.004944093571297536,-0.006670688151048254,9.220448366044282
2.9848423553071717,False,18.0,3.0,4,40.0,12.0,1.2,-0.17408861145696952,-0.06308208538326583,9.233932295037572
2.9842848319200552,False,24.0,3.0,4,20.0,6.0,1.0,-0.0030276009379127827,-0.005884274622043808,9.213766587450712
2.984034849791133,False,12.0,3.0,2,40.0,6.0,1.0,-0.0057718875319957,-0.007245679246954253,9.220946284522052
2.9836203549516322,False,24.0,3.0,2,40.0,12.0,1.0,-0.005910185276525758,-0.007429943441631174,9.22092414612658
2.9833668382343905,False,24.0,3.0,4,40.0,12.0,1.2,-0.2281869235677341,-0.08160669511111458,9.21889403816756
2.9823086062355837,False,18.0,3.0,2,20.0,12.0,1.0,-0.007092478209925407,-0.008261290658113905,9.221590147869593
2.9802948154801774,False,24.0,3.0,2,80.0,6.0,1.0,-0.0065127336936398475,-0.008739306071154303,9.220102293523235
2.980118914512979,False,12.0,6.0,2,40.0,12.0,1.0,-0.7014050412355205,-0.24042870890751375,9.295044965866733
2.9798386255180858,False,30.0,3.0,2,40.0,12.0,1.0,-0.007311281843387238,-0.009157552108433793,9.220852681934586
2.97795792668058,False,18.0,6.0,2,80.0,6.0,1.0,-1.666257106569817,-0.43706979601648605,9.025766664106685
2.9774519674768793,False,12.0,3.0,2,20.0,6.0,1.0,-0.009112549743867807,-0.01055352742232953,9.221710423536656
2.976899084600861,False,24.0,3.0,2,20.0,12.0,1.0,-0.009316621952785396,-0.010805845783974805,9.221544518496811
2.976831221635044,False,12.0,3.0,2,80.0,12.0,1.2,-0.1389497408409198,-0.054039506401958655,9.251729608539552
2.976746996480807,False,18.0,3.0,2,40.0,6.0,1.0,-0.008486973688489045,-0.010579992402560585,9.22044300740552
2.9758326132927837,False,30.0,3.0,2,80.0,6.0,1.0,-0.008044243491092319,-0.010737210066102891,9.218774525368405
2.9747788533146924,False,30.0,3.0,4,20.0,6.0,1.0,-0.0037100322938998474,-0.007149040598911226,9.210569531435338
2.9736503101395586,False,24.0,3.0,4,80.0,6.0,1.2,-0.3475133156768673,-0.10324412863109193,9.182246250204559
2.9717102356375715,False,30.0,3.0,2,20.0,12.0,1.0,-0.011475930236293211,-0.013255231532907344,9.220448853108257
2.971166545036018,False,12.0,3.0,0,80.0,12.0,1.0,-0.03239490193551007,-0.02040945229983075,9.234198461958245
2.970979703708112,False,12.0,3.0,4,20.0,12.0,1.2,-0.13557784810309043,-0.05486604813165935,9.240854553185196
2.9698726023328272,False,24.0,3.0,2,40.0,6.0,1.0,-0.01109756881985839,-0.013741655495676965,9.21788707172866
2.9683339523320025,False,18.0,3.0,2,80.0,12.0,1.2,-0.20531821325984767,-0.07899475364261498,9.252628638214432
2.9674766081153776,False,18.0,3.0,2,20.0,6.0,1.0,-0.013288890000355833,-0.015270760628326064,9.219020577904052
2.9658948576108752,False,12.0,3.0,2,80.0,6.0,1.2,-0.2604122788156734,-0.09817247373493265,9.247599351542961
2.964488753826368,False,18.0,9.0,4,40.0,6.0,1.5,-10.517007873387504,-1.561236076047355,6.279906114317039
2.9620807780198417,False,30.0,3.0,2,40.0,6.0,1.0,-0.013610062088020965,-0.016743731969561745,9.213662515946828
2.961649866398533,False,24.0,3.0,2,80.0,12.0,1.2,-0.2696815084634007,-0.1026772140216226,9.243323586652819
2.9615423847526468,False,18.0,3.0,4,20.0,12.0,1.2,-0.1994979448876625,-0.07931852004500521,9.228205440147066
2.957888994603385,False,12.0,6.0,2,20.0,12.0,1.2,-1.659857154697632,-0.5578130434663088,9.200047045178914
2.9574614496461886,False,18.0,3.0,0,80.0,12.0,1.0,-0.04823421804249562,-0.030257589465435535,9.240823863416889
2.9572805381220757,False,30.0,3.0,4,80.0,6.0,1.5,-3.213094988603571,-0.5955671006621396,8.479754985779037
2.9570463772222677,False,24.0,12.0,2,80.0,12.0,1.2,-10.097514272823007,-1.7105337081211147,6.709878174407877
2.95660941958603,False,30.0,3.0,2,80.0,12.0,1.2,-0.33208917315441233,-0.12515991785612743,9.225408452120027
2.9563684660467278,False,12.0,3.0,0,40.0,12.0,1.0,-0.05631025106624408,-0.033313928339838844,9.244047583099789
2.9563305338464025,False,30.0,3.0,2,80.0,12.0,1.5,-2.0886901950610506,-0.5342196627170428,8.949461223494815
2.9559708141339223,False,24.0,3.0,2,20.0,6.0,1.0,-0.01723973238109298,-0.01966411205562878,9.213173268986433
2.9535039490453023,False,18.0,3.0,2,80.0,6.0,1.2,-0.3797046405192946,-0.1404940096620854,9.211952228782707
2.9502042249071527,False,12.0,3.0,4,20.0,6.0,1.2,-0.25340301928032544,-0.0984602593808075,9.2104025519112
2.948346572984228,False,18.0,3.0,2,40.0,12.0,1.5,-1.4184081118002123,-0.4500033565950028,9.154285825511087
2.947656591647072,False,12.0,3.0,2,40.0,12.0,1.2,-0.17074709991439205,-0.07436350275577334,9.257222789527416
2.9473191954169415,False,30.0,3.0,4,40.0,12.0,1.2,-0.28041616768254407,-0.09902408273213635,9.196299197991978
2.9471197017996236,False,12.0,3.0,0,80.0,6.0,1.0,-0.060477905205177575,-0.03778606780185132,9.244561526551207
2.9442053351259405,False,24.0,3.0,0,80.0,12.0,1.0,-0.06384292051705318,-0.039879195130370776,9.24536760295344
2.941839199228462,False,18.0,3.0,4,20.0,12.0,1.5,-1.3131869423383582,-0.38746327131054153,9.109832595437439
2.9397418310126433,False,12.0,9.0,4,40.0,6.0,1.0,-3.8925477315497843,-0.8329619000312047,8.487351459804811
2.9392961129726616,False,12.0,3.0,0,20.0,12.0,1.0,-0.09071370033350558,-0.050472529120281225,9.255291786823001
2.9365948051622768,False,30.0,9.0,2,80.0,12.0,1.2,-8.014952493568577,-1.352481486355478,7.203854945356642
2.9361025110827437,False,18.0,3.0,0,40.0,12.0,1.0,-0.08349966555921694,-0.04913238482549107,9.251821557396028
2.931486289666771,False,24.0,3.0,4,20.0,12.0,1.2,-0.2609506501877997,-0.10199863716697007,9.202577335516516
2.9313801588902986,False,30.0,3.0,0,80.0,12.0,1.0,-0.07922685951448531,-0.04928223354139547,9.247954308675782
2.930947938215234,False,30.0,3.0,2,20.0,6.0,1.0,-0.02098333957033736,-0.023764984311968478,9.204941335816976
2.9281039229732975,False,18.0,3.0,2,40.0,12.0,1.2,-0.25169858492252645,-0.1078648873164098,9.248186657007722
2.9237145443142416,False,12.0,3.0,2,20.0,12.0,1.2,-0.20231416179333042,-0.09286653915969638,9.260463329020695
2.9230610296610697,False,18.0,3.0,0,80.0,6.0,1.0,-0.08950117384561174,-0.055480048061514096,9.248734459184496
2.920897785806643,False,18.0,12.0,4,40.0,6.0,1.0,-9.85749726409489,-1.481428954386339,6.468155252461959
2.9207949320080084,False,12.0,3.0,0,40.0,6.0,1.0,-0.10443152631396574,-0.06121219810198578,9.255007979718595
2.9181106004277577,False,12.0,3.0,2,40.0,6.0,1.2,-0.31831830226904784,-0.13340256728042996,9.231993158220085
2.9167939318412754,False,24.0,3.0,0,40.0,12.0,1.0,-0.11007623677896923,-0.06442743497923117,9.25527045555676
2.91660786265815,False,18.0,3.0,4,40.0,6.0,1.2,-0.32190687352292247,-0.11158573161823614,9.179040652021543
2.9156907343257785,False,30.0,12.0,4,80.0,6.0,1.5,-20.394532086309393,-3.4403766461822305,4.135455853308113
2.9132886444190715,False,12.0,3.0,2,20.0,12.0,1.5,-1.0348259393258215,-0.3738457649689167,9.276394775310534
2.912924365550759,False,12.0,3.0,0,80.0,12.0,1.5,-1.1654157325926968,-0.4174971223473128,9.331080477714291
2.912369808223992,False,24.0,3.0,2,40.0,12.0,1.2,-0.3298092269345209,-0.13914647290350954,9.222982343319925
2.9118314733954516,False,18.0,3.0,0,20.0,12.0,1.0,-0.13387028391571085,-0.07401293684008634,9.262424592028124
2.9112196979432463,False,12.0,6.0,2,20.0,12.0,1.0,-0.7671656778849506,-0.2853153266472348,9.286861671890934
2.910955009681178,False,18.0,3.0,2,80.0,6.0,1.5,-2.2908897726775277,-0.5725435608156272,8.88315951975184
2.9102798379464305,False,12.0,9.0,2,40.0,12.0,1.2,-3.445841439185282,-0.9128275745083715,8.815772121169706
2.907837452045179,False,30.0,9.0,2,80.0,6.0,1.0,-9.387948931864793,-1.4155311013689345,6.597552472170169
2.9072796374868712,False,18.0,6.0,2,80.0,6.0,1.5,-6.534478890827276,-1.1873984762072476,7.681809647667244
2.9032163132929005,False,30.0,3.0,4,80.0,6.0,1.2,-0.4225965821053845,-0.12404941525708096,9.140695548505954
2.900434995883316,False,24.0,3.0,0,80.0,6.0,1.0,-0.11776400397123715,-0.07244300269597385,9.246769858367761
2.8992525129513496,False,30.0,6.0,4,40.0,12.0,1.0,-1.4180100651892589,-0.36093058371291353,8.99632865947699
2.89838991034286,False,30.0,3.0,0,40.0,12.0,1.0,-0.1360619130066901,-0.07922400088794322,9.25476979414536
2.8973923287347394,False,18.0,6.0,0,80.0,12.0,1.0,-1.3217600321555014,-0.4747892344735873,9.238309412905398
2.895774144289316,False,18.0,3.0,2,20.0,12.0,1.2,-0.2974550415306912,-0.13389363241379168,9.240772935305504
2.8946115183873915,False,12.0,6.0,0,80.0,12.0,1.0,-0.8930726440515678,-0.33282037522139213,9.333484963060258
2.89444675788624,False,24.0,6.0,4,40.0,12.0,1.2,-2.797915161782655,-0.6423023155316644,8.726030831375864
2.8931283232929768,False,12.0,3.0,0,80.0,12.0,1.2,-0.29804020703343787,-0.13497062791348705,9.292449434860998
2.891430271365946,False,12.0,3.0,0,20.0,6.0,1.0,-0.16728332932639503,-0.09195101932014971,9.263065330412577
2.890509486361516,False,12.0,6.0,2,40.0,6.0,1.0,-1.2727625277383865,-0.40518668865781504,9.130965072324862
2.8885550664676627,False,12.0,6.0,4,40.0,6.0,1.5,-4.383415003928611,-0.9084470140206721,8.329552112327109
2.888529938790255,False,12.0,6.0,4,20.0,6.0,1.0,-1.1614441924591647,-0.34082487109662835,9.089091739837063
2.8882904183774283,False,18.0,6.0,2,80.0,6.0,1.2,-3.807805676797885,-0.8279286994091479,8.496446979930068
2.888013498602618,False,30.0,6.0,2,80.0,12.0,1.2,-3.5507594222950587,-0.7920433731337192,8.571003657880933
2.88627802326874,False,18.0,3.0,0,40.0,6.0,1.0,-0.15342221962611322,-0.08904806545245764,9.25267596515901
2.886112562274416,False,24.0,3.0,0,20.0,12.0,1.0,-0.17565193929458625,-0.09651312567339004,9.261675347850648
2.881452514755151,False,18.0,9.0,2,80.0,6.0,1.0,-5.820207012561333,-1.1031293446431194,7.899628328088163
2.87945741788204,False,18.0,3.0,0,80.0,12.0,1.5,-1.725507868538722,-0.5912849730978962,9.178213794345078
2.8791369242104827,False,30.0,3.0,0,80.0,6.0,1.0,-0.14530104830097176,-0.08872137469682956,9.239630490904203
2.8785998285300742,False,12.0,3.0,2,20.0,6.0,1.2,-0.37492271379094255,-0.16482774227940378,9.213391730815246
2.876402075514301,False,18.0,9.0,4,40.0,12.0,1.2,-4.872827103567646,-0.9869404602642907,8.196509736396338
2.8756319084446265,False,24.0,6.0,2,80.0,6.0,1.5,-8.571742739412663,-1.371479362360142,6.92347518808277
2.862016544664482,False,30.0,3.0,0,20.0,12.0,1.0,-0.21612286625243363,-0.11803544052931708,9.253963164859822
2.8574480757327287,False,12.0,9.0,4,20.0,12.0,1.2,-3.365647648935027,-0.8477045394251072,8.731768582563086
2.856910901131563,False,30.0,3.0,4,20.0,12.0,1.2,-0.3200191211319862,-0.12305262092052564,9.167336381407152
2.8547019583181514,False,24.0,3.0,0,40.0,6.0,1.0,-0.2004479401494944,-0.1152486606104476,9.23860628108208
2.8517138600070737,False,18.0,3.0,0,80.0,12.0,1.2,-0.4406179147290324,-0.19630135157398634,9.286020779392544
2.8464132539345606,False,18.0,3.0,0,20.0,6.0,1.0,-0.24366740181254287,-0.1324180492926608,9.24636016458294
2.844159197633385,False,24.0,3.0,2,20.0,12.0,1.2,-0.38875874135185784,-0.17171125822835265,9.199578675509867
2.8426683648067077,False,12.0,3.0,0,40.0,12.0,1.2,-0.39485474225327266,-0.18406212581552162,9.307827005555152
2.8419008057665702,False,30.0,3.0,2,40.0,12.0,1.2,-0.4051598807941937,-0.1683708346900861,9.185238274547892
2.8411893232467467,False,18.0,6.0,4,40.0,6.0,1.0,-1.5802913895813713,-0.3927957682550629,8.933954179241857
2.83569500165861,False,24.0,3.0,2,80.0,6.0,1.2,-0.4921554582082231,-0.1789260628671674,9.15447042605252
2.8325508733596076,False,12.0,3.0,0,80.0,6.0,1.2,-0.5434544434111043,-0.23696785668383225,9.269050321046528
2.8322044823615737,False,12.0,6.0,0,40.0,12.0,1.2,-1.9894528461859562,-0.7190827879414609,9.21437554958554
2.8304028523701135,False,12.0,6.0,0,80.0,6.0,1.0,-1.5919841790550129,-0.5516537115999619,9.161001464084068
2.828442866212808,False,12.0,12.0,0,80.0,12.0,1.0,-4.547167712743801,-1.2223015878368944,8.68840151851642
2.825773742438643,False,30.0,3.0,0,40.0,6.0,1.0,-0.24563373590330773,-0.13995333115488826,9.215347051878332
2.819081205701658,False,30.0,6.0,2,80.0,12.0,1.5,-6.412556566018227,-1.1769010140765037,7.682925400983046
2.8184319813878598,False,18.0,6.0,2,20.0,12.0,1.0,-1.1321385943189017,-0.4021987025555267,9.160756307394344
2.817364324646868,False,24.0,3.0,0,80.0,12.0,1.2,-0.5790237702550182,-0.25388648186938334,9.25476523383364
2.813188584213691,False,12.0,9.0,4,40.0,6.0,1.2,-5.367260530611429,-1.051426334418595,8.014415088455598
2.8106241301188817,False,30.0,9.0,2,80.0,12.0,1.0,-5.632465158452131,-1.0844991521617455,7.930139774102568
2.809082291700438,False,12.0,12.0,4,40.0,6.0,1.0,-6.6500923877899405,-1.2230497625074184,7.628381155742951
2.8059424484422326,False,30.0,9.0,4,40.0,6.0,1.0,-9.339418892295269,-1.3125249584093936,6.416360775714147
2.805505333316589,False,18.0,3.0,4,20.0,6.0,1.2,-0.36658050276853854,-0.13817073962654772,9.141030084740422
2.8050356044395253,False,18.0,12.0,4,40.0,12.0,1.0,-6.241497658914248,-1.1734391044417558,7.756239189451847
2.7995082054113176,False,12.0,3.0,0,20.0,12.0,1.2,-0.5071812289695211,-0.2358910078527345,9.320606083186462
2.798900549578967,False,24.0,6.0,4,20.0,12.0,1.0,-1.2364199556304032,-0.3597347280733429,9.035153949110871
2.7984793637474743,False,12.0,3.0,2,40.0,6.0,1.5,-1.719501162866148,-0.5266247591279235,9.043737799159123
2.7983519846703966,False,24.0,3.0,0,20.0,6.0,1.0,-0.3157489236598279,-0.1697371445482868,9.21021880735429
2.7979648934592043,False,24.0,3.0,4,40.0,6.0,1.2,-0.415585828372737,-0.14095564695101734,9.116934562996335
2.797385734946968,False,18.0,6.0,2,40.0,12.0,1.2,-2.331387682370627,-0.6715165576326728,8.954585422763754
2.7952722729599992,False,12.0,3.0,4,20.0,6.0,1.5,-1.5981586414690312,-0.4549998812895961,8.995368197706453
2.79375006210945,False,18.0,6.0,4,20.0,12.0,1.2,-2.2160364540642656,-0.5981386387513091,8.90037632217613
2.793039106218618,False,30.0,3.0,4,40.0,12.0,1.5,-1.9983121406329907,-0.4890505125756877,8.84525081168292
2.78492785418308,False,18.0,3.0,0,40.0,12.0,1.2,-0.5824394859792217,-0.26583721059871385,9.2821518738288
2.7846132829613177,False,18.0,3.0,2,40.0,6.0,1.2,-0.4620992431804156,-0.18831894950823735,9.158047004179382
2.783476260969125,False,12.0,6.0,0,40.0,12.0,1.0,-1.0497992971930263,-0.4221076787413005,9.326484774104044
2.780345365563754,False,24.0,6.0,2,40.0,12.0,1.0,-1.361826175723083,-0.4311395977647628,9.070280551594054
2.7769587512626024,False,12.0,3.0,0,40.0,12.0,1.5,-1.3385935307763972,-0.5205449265045983,9.307185214989653
2.76858138511467,False,30.0,3.0,0,80.0,12.0,1.2,-0.7133523586219752,-0.3079799722365007,9.203896031627673
2.7625136023519197,False,18.0,12.0,4,80.0,12.0,1.5,-8.956029145284324,-1.9014352857677277,7.469706717211964
2.7617911609154113,False,30.0,12.0,4,80.0,12.0,1.5,-14.577111836128834,-2.5970091520744547,5.702164950531546
2.759131266679523,False,12.0,9.0,4,40.0,6.0,1.5,-7.0866491566490915,-1.2931481101359157,7.490274780245664
2.7561720836393464,False,12.0,3.0,0,40.0,6.0,1.2,-0.7160727572781004,-0.319966891212918,9.245934853495523
2.7547834644003437,False,18.0,9.0,4,40.0,12.0,1.5,-6.732833100675129,-1.2470195153316483,7.595816014886655
2.740086058138765,False,12.0,3.0,0,80.0,6.0,1.5,-2.054078761595217,-0.6774882349444337,9.073547560715
2.7392796624934204,False,24.0,3.0,0,40.0,12.0,1.2,-0.763682877440295,-0.3414677383156248,9.219313998856812
2.7365975307603043,False,18.0,6.0,0,80.0,12.0,1.2,-2.6652654293418485,-0.8208592993232315,8.98126655972065
2.7332573567873233,False,12.0,9.0,0,80.0,12.0,1.5,-4.854784197149181,-1.3013265094835464,8.605537904070966
2.7305694631664643,False,18.0,3.0,0,20.0,12.0,1.2,-0.746005433745106,-0.33847865685954726,9.270288790194664
2.7278343943682266,False,24.0,9.0,2,80.0,6.0,1.0,-7.641001952556738,-1.2844423115111616,7.184391248199062
2.7275516205698884,False,12.0,9.0,2,20.0,12.0,1.0,-2.5417998785701648,-0.7906753999877623,8.99320053100808
2.721499178305564,False,18.0,3.0,4,40.0,6.0,1.5,-2.1995596463826006,-0.526310685122218,8.764747353671384
2.715553932698545,False,24.0,9.0,4,40.0,12.0,1.5,-8.913560931850244,-1.439207014288173,6.774118581882985
2.713317429006638,False,30.0,3.0,2,20.0,12.0,1.2,-0.4763548677413936,-0.2065913164275449,9.142679815300514
2.711259315985661,False,12.0,12.0,2,40.0,12.0,1.0,-4.350929739215695,-1.0926119707819846,8.533394304584535
2.710081168849899,False,12.0,6.0,0,20.0,12.0,1.0,-1.2135802045612951,-0.5011663452371321,9.316032917939673
2.7042489098543023,False,18.0,3.0,0,80.0,6.0,1.2,-0.7936835722915968,-0.33648501601722786,9.17432175283377
2.6949564597204243,False,30.0,3.0,2,80.0,6.0,1.2,-0.598093268029087,-0.2138799501144899,9.083563081043978
2.6945180644612403,False,18.0,3.0,2,20.0,12.0,1.5,-1.528524192338016,-0.5225475154425395,9.081129769251996
2.694150773344367,False,24.0,12.0,4,40.0,12.0,1.0,-8.258795421087154,-1.3596983859334582,6.9715368150553685
2.6930521763325173,False,12.0,3.0,0,20.0,12.0,1.5,-1.5155682934185901,-0.6075053723620244,9.282645763248665
2.6930066639593093,False,12.0,3.0,0,20.0,6.0,1.2,-0.9133668542705625,-0.40529766651771576,9.212077964647522
2.690482157924607,False,24.0,9.0,4,40.0,12.0,1.0,-4.483326107077402,-0.9115033074721542,8.185144546658409
2.6834734197357886,False,30.0,9.0,2,40.0,6.0,1.2,-13.362436208738577,-1.8528001864896104,5.154030445259596
2.675377322737379,False,24.0,6.0,2,80.0,6.0,1.0,-2.1646377293743124,-0.5405630264073775,8.780525896319174
2.671288158808377,False,12.0,12.0,2,80.0,12.0,1.5,-6.118840285918509,-1.6171465569446148,8.416255331888431
2.664951572854967,False,30.0,3.0,4,40.0,6.0,1.2,-0.5030932926707027,-0.16722365348612248,9.04607618034789
2.6629028630814977,False,24.0,3.0,4,20.0,12.0,1.5,-1.724228947524055,-0.4831356095660535,8.908351932154376
2.662871150915098,False,30.0,3.0,0,20.0,6.0,1.0,-0.38388120195837794,-0.20424415100804547,9.160172761017003
2.659111093644479,False,12.0,12.0,4,20.0,12.0,1.0,-4.28338092842527,-1.020190537907334,8.43246244949718
2.6555729060840934,False,18.0,6.0,0,40.0,12.0,1.0,-1.5515171136648067,-0.596737019508157,9.161444985498454
2.652754071666988,False,24.0,6.0,0,80.0,12.0,1.0,-1.738488495204436,-0.6024805846831541,9.075165225282582
2.63741287673705,False,12.0,6.0,2,20.0,6.0,1.0,-1.386200800778299,-0.47541913244498596,9.053046296673429
2.6368985155096314,False,24.0,3.0,2,40.0,12.0,1.5,-1.8643834444465526,-0.5639840600654664,8.946545185656314
2.631263201538287,False,18.0,12.0,4,40.0,6.0,1.2,-11.695362961912812,-1.7976352571918737,5.878714565627123
2.629392152665532,False,24.0,3.0,4,20.0,6.0,1.2,-0.4714797835845739,-0.17277233140976242,9.052426241681697
2.62791115950434,False,18.0,3.0,2,20.0,6.0,1.2,-0.5417533057572758,-0.23024033458679108,9.102750988780294
2.62686300691721,False,24.0,6.0,4,40.0,12.0,1.5,-5.120092772704323,-0.9981280348629243,7.964888729427405
2.621384819818359,False,12.0,6.0,2,20.0,12.0,1.5,-2.8765327356482095,-0.8702719536064639,8.892145532521345
2.6201149431003765,False,30.0,6.0,4,40.0,12.0,1.2,-3.459665349044672,-0.7453209694880879,8.412517811286559
2.6149660653229683,False,12.0,9.0,2,40.0,12.0,1.5,-4.671790936770644,-1.1621294518964707,8.429093302147443
2.60675238134557,False,12.0,6.0,2,40.0,6.0,1.2,-2.7603211644479924,-0.7621946434389198,8.780819133633743
2.6032172466328625,False,12.0,6.0,4,20.0,6.0,1.2,-2.6352909655089154,-0.6812124590290304,8.720093389132094
2.6020438863254807,False,12.0,6.0,0,20.0,12.0,1.2,-2.1810157078136694,-0.8213877433389053,9.156907264290838
2.59222986311869,False,24.0,6.0,4,40.0,6.0,1.5,-8.531899282016218,-1.2927514850461568,6.683604078147046
2.5908645237500214,False,12.0,6.0,0,80.0,6.0,1.2,-3.1031563879195736,-0.9145773593083346,8.8300316669043
2.5905464945774135,False,24.0,3.0,0,20.0,12.0,1.2,-0.9753994580996169,-0.43200149986306285,9.169887328060067
2.580927409704106,False,18.0,6.0,4,40.0,6.0,1.2,-3.7239830561780067,-0.7830667566454608,8.317383871757816
2.57542577959898,False,18.0,9.0,4,40.0,6.0,1.2,-7.940786063731573,-1.2967072244544153,6.976692254641901
2.571470148121441,False,30.0,6.0,4,20.0,12.0,1.0,-1.520539962858232,-0.42449262652869607,8.876515592451224
2.571334869522291,False,24.0,3.0,2,40.0,6.0,1.2,-0.5963286825481112,-0.23674252259158046,9.056928437401035
2.569635960830288,False,24.0,9.0,4,40.0,12.0,1.2,-6.442255188892822,-1.1623752476231064,7.521564817429968
2.569060963918224,False,24.0,12.0,4,80.0,12.0,1.5,-11.823131220536789,-2.2843788051020812,6.513844639370414
2.5634685008468194,False,12.0,9.0,4,20.0,12.0,1.5,-4.60987976571584,-1.0870315918032256,8.321653315296903
2.5611426332277833,False,24.0,9.0,2,40.0,6.0,1.5,-14.20510118168792,-2.047068770557422,4.96293544163264
2.5590364796068257,False,12.0,9.0,0,40.0,12.0,1.0,-2.888585705859142,-0.9672065697710833,9.000346801557042
2.5542888593670234,False,30.0,9.0,4,40.0,12.0,1.2,-7.982375057928813,-1.292212021446613,6.9385864929156
2.540782073051605,False,24.0,6.0,4,40.0,6.0,1.0,-2.0481845973328303,-0.4798018737335614,8.680313108486304
2.5342869476315815,False,30.0,3.0,0,40.0,12.0,1.2,-0.9387524660201271,-0.41144524021316103,9.129246661152044
2.5297063358426333,False,24.0,3.0,2,80.0,6.0,1.5,-2.979096998462729,-0.7007512387526432,8.540743086845492
2.5198212404851468,False,24.0,12.0,4,40.0,12.0,1.2,-10.16277679702821,-1.6544126437915,6.374452747442294
2.5163338239134507,False,24.0,6.0,2,80.0,6.0,1.2,-4.984116776890842,-0.9898872215283964,7.965250915830474
2.5157585783898577,False,30.0,6.0,2,40.0,12.0,1.0,-1.6766078768063901,-0.511043526415508,8.90045220044157
2.493099655205733,False,18.0,12.0,4,40.0,12.0,1.2,-7.671027558831773,-1.436765419628718,7.280495737656632
2.491172650639701,False,24.0,3.0,0,80.0,12.0,1.5,-2.2702916464423075,-0.74496277261018,8.942196221040541
2.4888366113755795,False,24.0,6.0,2,20.0,12.0,1.0,-1.4847848912519215,-0.504448188501472,8.973009702840612
2.4874630619398523,False,30.0,9.0,0,80.0,6.0,1.5,-17.490904103909862,-2.790595758627138,4.398484676982277
2.483893466223038,False,18.0,3.0,0,40.0,12.0,1.5,-1.9795404684915925,-0.7298456216509601,9.061256491368738
2.4757250661366363,False,30.0,12.0,0,80.0,6.0,1.0,-16.583767592708725,-2.634449535888226,4.611964600572869
2.473610256166552,False,18.0,9.0,4,20.0,12.0,1.0,-3.50340813407924,-0.8555989566777845,8.482811056086907
2.472817438693835,False,18.0,6.0,4,20.0,6.0,1.0,-1.6918866239110928,-0.4603102163234472,8.795242291903117
2.4700807133874387,False,18.0,9.0,2,40.0,12.0,1.0,-3.6250881026537427,-0.9410201667246406,8.548338115480384
2.469715099722004,False,18.0,9.0,0,80.0,12.0,1.0,-3.9736573196083036,-1.0964766794647887,8.607055469280608
2.4661678968840866,False,18.0,9.0,4,40.0,6.0,1.0,-5.761862208358707,-1.0580384202946898,7.653522034731299
2.464948049073957,False,18.0,6.0,4,40.0,6.0,1.5,-6.487952426462548,-1.1412500735070599,7.414684481592869
2.4638609881090083,False,12.0,3.0,2,20.0,6.0,1.5,-1.848253756736194,-0.6088151383721625,8.935337883271226
2.44747101009329,False,30.0,9.0,4,40.0,12.0,1.0,-5.557032244720819,-1.0341932601854982,7.7108208329910575
2.4441654346609116,False,30.0,3.0,4,20.0,6.0,1.2,-0.5686441215720096,-0.20302987340780296,8.95661702668273
2.441148216861075,False,12.0,6.0,0,40.0,12.0,1.5,-3.2243661543745916,-1.0536743805973574,8.903214162165852
2.4400115311450294,False,12.0,12.0,0,80.0,12.0,1.2,-5.441081840495214,-1.4890241059270952,8.447312564242125
2.436570378821653,False,24.0,9.0,4,40.0,6.0,1.0,-7.578563266615014,-1.2092265880151327,6.9571549981525935
2.4359429586845547,False,30.0,6.0,4,40.0,12.0,1.5,-6.346178994476564,-1.1240821086340775,7.445316705081686
2.432920365736427,False,24.0,12.0,2,40.0,6.0,1.0,-13.356874506418004,-1.950775864893597,5.178498287026182
2.429446304506965,False,12.0,6.0,0,40.0,6.0,1.0,-1.860286194364168,-0.6916288146056098,9.036334837006388
2.423976835418964,False,12.0,12.0,4,40.0,6.0,1.2,-7.867678573241523,-1.4855228429242018,7.220744955501598
2.423845801942381,False,18.0,3.0,0,40.0,6.0,1.2,-1.0418845285468161,-0.448803307893962,9.0784971585653
2.4229040650329177,False,18.0,6.0,0,20.0,12.0,1.0,-1.7904107759699628,-0.7034914059718349,9.085795313515804
2.413491355877107,False,18.0,6.0,2,40.0,6.0,1.0,-1.8580591486497446,-0.5520667939298498,8.82012785453503
2.3985674045637992,False,24.0,3.0,0,80.0,6.0,1.2,-1.0303415869721964,-0.4253680884952465,9.036476601565246
2.3831686287460943,False,18.0,6.0,2,20.0,12.0,1.2,-2.4604238373853273,-0.7647197629014867,8.822763600059188
2.378860060310677,False,12.0,9.0,2,20.0,12.0,1.2,-3.5618167369969638,-1.0251951183836847,8.660625899258958
2.3781651073100267,False,30.0,6.0,4,20.0,6.0,1.5,-10.8290661836393,-1.4964206362368,5.733491976217138
2.3741452787597286,False,12.0,9.0,0,80.0,6.0,1.0,-4.464122260452057,-1.180509413319603,8.440087189159815
2.371990663689184,False,24.0,6.0,4,20.0,12.0,1.2,-2.921340522945218,-0.731885035126245,8.537464183087925
2.3708200748101187,False,18.0,6.0,0,80.0,12.0,1.5,-4.463235736189951,-1.189892369539732,8.452942283646257
2.363512423977624,False,30.0,6.0,2,80.0,6.0,1.0,-2.6335380774471138,-0.6285047287921683,8.522055826480083
2.360655619050697,False,30.0,3.0,4,20.0,12.0,1.5,-2.1218305943367213,-0.5657581413757241,8.682361284447149
2.357877672386186,False,12.0,12.0,4,80.0,6.0,1.5,-8.782373165651345,-2.0209004248699123,7.533414450698864
2.3471388620630744,False,18.0,6.0,4,20.0,12.0,1.5,-3.992945701795898,-0.9406275958459694,8.302349533929117
2.346443267992962,False,24.0,3.0,4,40.0,6.0,1.5,-2.854596054606358,-0.6358606220359083,8.41402609977374
2.3427987269767057,False,18.0,6.0,2,40.0,12.0,1.5,-4.115655733820361,-1.0300543594690899,8.372964595808382
2.3410398632477034,False,30.0,3.0,2,40.0,6.0,1.2,-0.7215375317032732,-0.2795480897921299,8.943384860486985
2.331721614002244,False,24.0,3.0,2,20.0,6.0,1.2,-0.6959288614651186,-0.28657357679086076,8.962068301481429
2.3289879242441414,False,12.0,12.0,2,40.0,12.0,1.2,-5.284110908510345,-1.3309633257305968,8.233195056489368
2.325150745639387,False,24.0,6.0,2,40.0,12.0,1.2,-3.074439099806263,-0.8266268670202027,8.57960768347344
2.3098050318867624,False,12.0,6.0,0,80.0,6.0,1.5,-4.948342519366988,-1.2668927722568777,8.295381974671779
2.304251402759185,False,30.0,6.0,0,80.0,12.0,1.0,-2.1432224296417126,-0.7173374820020734,8.870832269588421
2.2991143815821875,False,30.0,6.0,2,80.0,6.0,1.2,-6.109362966790101,-1.1156983845581252,7.482734844259806
2.288433911133111,False,30.0,3.0,2,40.0,12.0,1.5,-2.2967633327741335,-0.663486783839223,8.705377024964898
2.2860409456177386,False,30.0,3.0,0,20.0,12.0,1.2,-1.1956737044672143,-0.5172888557657438,9.035428464250453
2.2825814329963956,False,12.0,12.0,4,20.0,12.0,1.2,-5.23334464073784,-1.249890466770781,8.113765656312024
2.280953892989942,False,12.0,9.0,2,40.0,6.0,1.0,-4.13498203234255,-1.0293208989423095,8.331278838763735
2.2790997461725233,False,12.0,9.0,4,20.0,6.0,1.0,-4.013356008750668,-0.9385445908501264,8.255000315012692
2.258601498983133,False,30.0,6.0,4,40.0,6.0,1.0,-2.4859578979540085,-0.5516885931974244,8.428166250337274
2.2571097312644497,False,24.0,12.0,2,40.0,6.0,1.2,-15.712158493766694,-2.345010844315208,4.504303445248264
2.2509008333189278,False,24.0,3.0,2,20.0,12.0,1.5,-2.006364796176129,-0.6499508173349713,8.811505804600431
2.2477120625841946,False,18.0,3.0,4,20.0,6.0,1.5,-2.3319644765678063,-0.6068096528291108,8.582399832278435
2.2468481596335668,False,24.0,6.0,4,40.0,6.0,1.2,-4.873578008151962,-0.9220167416072593,7.783971748178266
2.2317484224843436,False,18.0,6.0,0,80.0,6.0,1.0,-2.3309774669336125,-0.75925469205251,8.803579075880705
2.2167163441905813,False,12.0,3.0,0,40.0,6.0,1.5,-2.3459681240873413,-0.8342614370712345,8.901077825685046
2.210757985390229,False,24.0,12.0,4,80.0,6.0,1.5,-16.921631720424458,-3.0815467750790693,4.981194855128065
2.1924302541054246,False,30.0,12.0,4,40.0,6.0,1.5,-21.528594042847548,-3.6699274814098843,3.5511208877703395
2.1899217231449892,False,12.0,9.0,0,80.0,6.0,1.2,-5.893493265882985,-1.4374371181629764,8.018681465902041
2.18903449681074,False,24.0,6.0,0,80.0,12.0,1.2,-3.514877434829669,-1.0185592854485188,8.579229019189889
2.187901936247222,False,24.0,9.0,4,20.0,6.0,1.2,-10.71444720133457,-1.5607958514744225,5.792232704694534
2.184583426732731,False,18.0,3.0,0,20.0,12.0,1.5,-2.2379187206514977,-0.8455072645440264,8.955904809883231
2.1818172347259797,False,12.0,9.0,0,20.0,12.0,1.0,-3.090872514204051,-1.0903725079154054,8.895342682160647
2.1807150675735145,False,24.0,6.0,0,40.0,12.0,1.0,-2.0378259602319737,-0.7504075158747902,8.91136738750953
2.177213286498481,False,18.0,3.0,2,40.0,6.0,1.5,-2.5142170143485267,-0.7086609071158905,8.608801056775388
2.1748134247676987,False,18.0,9.0,0,80.0,12.0,1.2,-5.458894587544027,-1.3753916197925555,8.135358408327244
2.17470542432053,False,12.0,6.0,2,40.0,6.0,1.5,-4.6304867236623775,-1.1131733608746543,8.156180951667633
2.174267613649276,False,30.0,3.0,2,80.0,6.0,1.5,-3.627751581588038,-0.8068260976345355,8.197808722508997
2.1710083237676905,False,12.0,9.0,0,40.0,12.0,1.2,-3.902344962267051,-1.226842122755811,8.688906424910611
2.1688615702787803,False,12.0,6.0,4,20.0,6.0,1.5,-4.51097471581129,-1.0195101975375145,8.072520283566591
2.164259166090871,False,12.0,12.0,4,40.0,12.0,1.5,-6.149375382140093,-1.6293200989569707,8.16573360043742
2.146197212732721,False,30.0,9.0,4,20.0,12.0,1.5,-11.307926891845824,-1.701850809516334,5.686222934744524
2.1346140985422806,False,18.0,3.0,0,20.0,6.0,1.2,-1.3228214827235354,-0.562231352943819,8.963554897351676
2.1231168209214815,False,30.0,6.0,2,20.0,12.0,1.0,-1.825164331361896,-0.5938553930941651,8.754070894447615
2.11929386043876,False,30.0,6.0,4,40.0,6.0,1.2,-5.975023298152983,-1.02568686072534,7.324977132257473
2.11746704746983,False,12.0,6.0,0,20.0,6.0,1.0,-2.136670620171365,-0.8116584662236784,8.922197473011325
2.1134342172545653,False,18.0,9.0,4,20.0,12.0,1.2,-5.005880625886801,-1.1026313313180707,7.922035352687563
2.1008840170481418,False,12.0,6.0,2,20.0,6.0,1.2,-2.9046231129383013,-0.8641651175801516,8.608689688451722
2.099842087929318,False,18.0,9.0,2,40.0,12.0,1.2,-5.123624628513105,-1.2003916254418892,8.003007727897515
2.09176450167657,False,18.0,6.0,0,40.0,12.0,1.2,-2.9492052729368186,-0.9909535513673942,8.772021501447542
2.0675967967798705,False,30.0,12.0,4,20.0,12.0,1.2,-12.880322706538118,-1.9456256666944303,5.226387105189096
2.0645286234904097,False,30.0,3.0,0,80.0,6.0,1.2,-1.2540278863635423,-0.50495027563596,8.876987342043948
2.0554747735563614,False,24.0,6.0,4,20.0,6.0,1.0,-2.1886042124445018,-0.5553088310981499,8.48071008722973
2.0539565012936323,False,30.0,3.0,0,80.0,12.0,1.5,-2.7996087254503403,-0.8808170138235077,8.662710968683482
2.032405971650268,False,12.0,12.0,2,20.0,12.0,1.0,-4.468113659940644,-1.2220688387493444,8.329560974005403
2.0312946023024736,False,30.0,3.0,4,40.0,6.0,1.5,-3.4692479759749264,-0.7238449844746464,8.081102349902318
2.0286195626265258,False,30.0,12.0,4,20.0,12.0,1.0,-10.484230021451296,-1.6162002363853591,5.910806685192228
2.0271733546912425,False,30.0,3.0,2,20.0,6.0,1.2,-0.83827090338576,-0.3352412853215743,8.811624713661677
2.026295080401467,False,12.0,12.0,0,80.0,6.0,1.0,-7.064686709949041,-1.6658567606755934,7.693900886266178
2.0088128299898953,False,12.0,6.0,0,20.0,12.0,1.5,-3.428684303819485,-1.1851357549661574,8.782079455561016
1.9972431672868387,False,18.0,3.0,0,80.0,6.0,1.5,-3.010429383079314,-0.9220533982172543,8.590798549456219
1.9967204694887641,False,12.0,9.0,2,40.0,6.0,1.2,-5.610564109796742,-1.2707518066595294,7.81351744986188
1.9957819279274123,False,30.0,9.0,4,20.0,6.0,1.0,-9.629134999661703,-1.4156525664160597,6.021113873783519
1.991464013211087,False,12.0,9.0,4,20.0,6.0,1.2,-5.5035934433958955,-1.17092076769145,7.714627996471346
1.9876260889924158,False,30.0,6.0,4,20.0,12.0,1.2,-3.6097670078241553,-0.8417576543925994,8.165877582199604
1.9741039436569396,False,18.0,6.0,2,20.0,6.0,1.0,-2.018430181500251,-0.6398326579319463,8.651897428002838
1.9547908478746052,False,24.0,3.0,0,40.0,6.0,1.2,-1.3474949553059472,-0.5607403379992146,8.859070013309726
1.9524102020219471,False,24.0,9.0,4,20.0,12.0,1.0,-4.629989424700751,-1.0204129780213977,7.9061414157192695
1.9380404795942052,False,30.0,9.0,2,20.0,6.0,1.2,-13.83274799612063,-1.9740227765361205,4.727991966567543
1.92701134767366,False,18.0,12.0,0,80.0,12.0,1.0,-6.76375742111162,-1.62349454980163,7.73118034801004
1.9131024456873948,False,18.0,6.0,4,20.0,6.0,1.2,-3.878558492128626,-0.8821881334108065,8.054865736922169
1.911373072716684,False,24.0,6.0,2,40.0,6.0,1.0,-2.4088662500734737,-0.6710773700480052,8.472181026420188
1.90745668878197,False,18.0,9.0,4,20.0,6.0,1.5,-10.732597905429122,-1.6940255339760837,5.842779252667125
1.9043620575731346,False,12.0,9.0,0,80.0,6.0,1.5,-7.45453556322182,-1.7616494751503629,7.581699019927776
1.9028907800724397,False,18.0,12.0,4,20.0,12.0,1.0,-6.381287344263094,-1.3009780196756877,7.426580307444779
1.893895444410317,False,18.0,12.0,4,80.0,6.0,1.5,-12.98807363495291,-2.625122257545123,6.104905851072963
1.8901936407856148,False,18.0,12.0,4,20.0,6.0,1.0,-10.072915843469014,-1.6102392978432751,6.038309405449788
1.885087305545551,False,12.0,9.0,2,20.0,12.0,1.5,-4.787186048380416,-1.2983039231884665,8.210718073391842
1.8797380639268884,False,30.0,9.0,0,80.0,6.0,1.2,-13.879372347866273,-2.3008953685138698,5.165837470827687
1.878896723439874,False,24.0,3.0,0,40.0,12.0,1.5,-2.6014410660761826,-0.9103337958984067,8.71854008255603
1.8739264093236088,False,30.0,6.0,2,40.0,12.0,1.2,-3.800053877301035,-0.9558225687974713,8.184981679234069
1.8675921320958269,False,24.0,9.0,2,40.0,12.0,1.0,-4.7894858741488315,-1.131016748836813,7.949889812255292
1.8627265472021746,False,12.0,12.0,4,20.0,6.0,1.0,-6.785835897009785,-1.353552866541713,7.283086184935339
1.8545006525725896,False,30.0,12.0,0,80.0,6.0,1.2,-19.063420509922466,-3.219661930673292,3.9393445273615755
1.8535569473728657,False,18.0,12.0,2,40.0,12.0,1.0,-6.478292271363756,-1.4111769125785998,7.518709266899029
1.8516490337346259,False,18.0,9.0,2,20.0,12.0,1.0,-3.775047088906762,-1.0557561640503343,8.336246778516008
1.8468938447996024,False,30.0,6.0,2,40.0,6.0,1.5,-11.057966077465446,-1.688983837602284,5.642251200097079
1.8397254591144359,False,12.0,12.0,2,40.0,6.0,1.0,-6.860577654546385,-1.4632441453669316,7.398751680360998
1.834473756466537,False,12.0,3.0,0,20.0,6.0,1.5,-2.6396310405630894,-0.9621381348766204,8.754940120293229
1.8291702162943135,False,24.0,6.0,4,20.0,12.0,1.5,-5.277671931535408,-1.1120192918581984,7.658089640193325
1.8122443518381406,False,18.0,6.0,2,40.0,6.0,1.2,-4.0647089038640205,-0.9974075829949643,8.084190658506081
1.809074123644379,False,18.0,9.0,4,20.0,12.0,1.5,-6.873040792681384,-1.3791346625427414,7.2510302193221845
1.802436054526475,False,12.0,6.0,0,40.0,6.0,1.2,-3.416112427240361,-1.1015508575690587,8.55979966002322
1.800553334389766,False,24.0,6.0,0,20.0,12.0,1.0,-2.3475266708510056,-0.8783888859693793,8.758408220750024
1.7987537587662814,False,18.0,9.0,0,80.0,12.0,1.5,-7.224105820480323,-1.7245360531711862,7.5884396089263335
1.7960612849752655,False,24.0,9.0,0,80.0,12.0,1.0,-5.245958067325534,-1.335011061722371,7.991879761434997
1.7873247750727002,False,30.0,3.0,2,20.0,12.0,1.5,-2.468332799195585,-0.7589962971573182,8.51230199370111
1.773945087214515,False,12.0,9.0,4,20.0,6.0,1.5,-7.219334269980881,-1.4282607811457364,7.134008140361996
1.7735383517735928,False,18.0,12.0,2,80.0,12.0,1.5,-9.109665480716457,-2.158398331686482,7.283845493084866
1.763817960044709,False,12.0,12.0,0,40.0,12.0,1.0,-4.773644845528568,-1.4602522091126857,8.399776430953674
1.7508082594563383,False,24.0,3.0,4,20.0,6.0,1.5,-3.021594129155044,-0.7236493069194029,8.164392585556326
1.7485586032411558,False,24.0,9.0,2,40.0,6.0,1.2,-10.88420111181187,-1.7408511024912317,5.757766959478064
1.7458698926709308,False,18.0,9.0,2,40.0,12.0,1.5,-6.960533105210637,-1.493944502759262,7.3478967078956146
1.7444245446740712,False,24.0,6.0,2,20.0,12.0,1.2,-3.241326277449214,-0.9332973277864814,8.365806685318725
1.740853510558929,False,12.0,9.0,2,40.0,6.0,1.5,-7.28085891899203,-1.5416210605037222,7.256740446565607
1.7326638952877707,False,24.0,6.0,2,40.0,12.0,1.5,-5.4378327573282474,-1.2279477644098928,7.703648775621176
1.7092011756392491,False,30.0,9.0,2,40.0,12.0,1.5,-11.419147958793545,-1.8808316463616246,5.680585637991864
1.7075676263305652,False,30.0,12.0,4,20.0,6.0,1.5,-22.268912156425085,-3.8436398820980266,3.1990991181263553
1.7073514277573087,False,24.0,6.0,4,20.0,6.0,1.5,-8.780291012085668,-1.4046947473094766,6.28488388882661
1.6977169706812134,False,24.0,12.0,4,20.0,12.0,1.0,-8.448726039878112,-1.4890577577731154,6.572393662087799
1.695484235675142,False,30.0,6.0,4,20.0,6.0,1.0,-2.651480686008236,-0.6313279876550155,8.183305316342551
1.6874289822842057,False,24.0,9.0,4,20.0,12.0,1.5,-9.106458934599502,-1.5723097134157724,6.363261153992585
1.686388841342934,False,24.0,6.0,0,80.0,12.0,1.5,-5.892211935012139,-1.4401682836195102,7.771652438621238
1.685974968542654,False,18.0,6.0,0,80.0,6.0,1.2,-4.571077563732898,-1.216434048805275,8.096411335639365
1.6777851578618197,False,24.0,9.0,4,20.0,12.0,1.2,-6.61805334667494,-1.283234486014013,7.169029194641034
1.6613678683560331,False,30.0,6.0,0,40.0,12.0,1.0,-2.5087838699247667,-0.8855432362942093,8.618918413683522
1.6607990084078068,False,24.0,12.0,0,80.0,6.0,1.0,-13.641762031063124,-2.4134218434167534,5.343962813824047
1.6580052733479702,False,18.0,6.0,2,20.0,12.0,1.5,-4.273176971665426,-1.151333255569196,8.13372559422164
1.6499239834071537,False,30.0,6.0,0,80.0,12.0,1.2,-4.344423086909019,-1.1868149936914691,8.147284498812846
1.6434257608586087,False,18.0,6.0,0,20.0,12.0,1.2,-3.229028780718359,-1.1232644908198577,8.606406786326486
1.6386571564420684,False,30.0,12.0,2,40.0,12.0,1.0,-10.61792239324045,-1.787903527852048,5.906534233405456
1.6320516470298019,False,30.0,9.0,4,20.0,12.0,1.2,-8.202303336323771,-1.411463186631938,6.546380495327497
1.6303987393510626,False,18.0,3.0,2,20.0,6.0,1.5,-2.696558003539838,-0.808601424685175,8.39413406495995
1.6257150709957626,False,18.0,9.0,4,20.0,6.0,1.2,-8.145549462553898,-1.4181577061719866,6.581630923505487
1.623289357699262,False,30.0,9.0,4,20.0,12.0,1.0,-5.7366097015377475,-1.1462954281581,7.377094530344482
1.6228301383806967,False,12.0,9.0,0,20.0,12.0,1.2,-4.106367163812366,-1.376381332278979,8.537115045729209
1.6159565443049457,False,18.0,9.0,4,20.0,6.0,1.0,-5.937262099545143,-1.171941375621546,7.311570845838795
1.611403397026713,False,24.0,9.0,0,80.0,6.0,1.5,-14.40301435375307,-2.553614141909168,5.148927294527148
1.5875224711219396,False,24.0,6.0,0,80.0,6.0,1.0,-3.0314066263951154,-0.9316306924790637,8.389815521108583
1.5852186887992579,False,12.0,9.0,0,40.0,12.0,1.5,-5.077304614464519,-1.55357502486574,8.298631134492554
1.5845183501739903,False,18.0,12.0,2,40.0,6.0,1.0,-10.166222388913212,-1.7711162071099036,6.080133851321819
1.5836430838004665,False,24.0,3.0,2,40.0,6.0,1.5,-3.2644926643496404,-0.8514698791946015,8.15109158854389
1.5815117676990496,False,12.0,9.0,2,20.0,6.0,1.0,-4.294139506749648,-1.1505630787802832,8.0838423086717
1.574564248662921,False,18.0,6.0,4,20.0,6.0,1.5,-6.674607138141417,-1.2584987792626947,7.052038284181369
1.5692493835591206,False,30.0,6.0,4,20.0,12.0,1.5,-6.540084366087448,-1.2395613182264238,7.088236046102047
1.5670202336664083,False,18.0,9.0,2,40.0,6.0,1.5,-10.802345014720403,-1.8608894635918396,5.8879833648873365
1.5664341752870499,False,24.0,9.0,2,20.0,6.0,1.5,-14.5945010799667,-2.198030623990109,4.497324043671914
1.5621352469777054,False,24.0,9.0,4,20.0,6.0,1.0,-7.808811507893373,-1.3199374592651927,6.57087961846653
1.5458170503016078,False,30.0,12.0,2,40.0,12.0,1.2,-12.942966445121082,-2.141165162543419,5.227484606431966
1.5457211319179516,False,24.0,9.0,2,40.0,12.0,1.2,-6.769868233311011,-1.4102907122729313,7.217674077739442
1.538633616182148,False,18.0,12.0,4,20.0,6.0,1.2,-11.911757587782375,-1.9419571997123661,5.44068537379501
1.5188708852315091,False,24.0,9.0,0,80.0,12.0,1.2,-7.206245356152476,-1.6484754097408016,7.343337439177294
1.5171011043633227,False,18.0,6.0,0,40.0,6.0,1.0,-2.7183242102144525,-0.9367972189795183,8.518895835570287
1.5142434843434787,False,12.0,12.0,2,20.0,12.0,1.2,-5.396135959639295,-1.481821605076208,7.996097729992979
1.507789707872905,False,24.0,3.0,0,20.0,6.0,1.2,-1.7030506421994864,-0.6950919928695515,8.659319082167611
1.5069608290226224,False,30.0,9.0,2,40.0,6.0,1.0,-9.881420965137579,-1.6021019280695512,5.930234384073423
1.5025881801840208,False,18.0,9.0,0,40.0,12.0,1.0,-4.288102676028955,-1.3042387611951398,8.277912453896818
1.4853089355846896,False,24.0,12.0,2,40.0,12.0,1.0,-8.569066957420718,-1.6326740150213246,6.6214435716405475
1.4836096133325727,False,24.0,6.0,4,20.0,6.0,1.2,-5.071299169995449,-1.024444512677608,7.457133550711549
1.4782616873676524,False,18.0,12.0,4,20.0,12.0,1.2,-7.812098834559094,-1.5795560612959418,6.916727078374767
1.4737995037713638,False,30.0,3.0,0,40.0,6.0,1.2,-1.6339048114988817,-0.6583049423578627,8.62171631969961
1.4726253280712367,False,12.0,12.0,2,80.0,6.0,1.5,-8.88541088293499,-2.269817545204351,7.4126451004012255
1.462562634571423,False,18.0,9.0,2,40.0,6.0,1.0,-6.112894332705019,-1.3021520046787745,7.342373717977939
1.4614172459803498,False,30.0,6.0,2,40.0,6.0,1.0,-2.924895934156412,-0.767922372377854,8.134455774505325
1.4596806089991254,False,24.0,12.0,2,20.0,6.0,1.0,-13.74094528355873,-2.094966121525776,4.716128405035437
1.4515798645629294,False,12.0,12.0,0,80.0,6.0,1.2,-8.148864926443308,-2.005272845441147,7.373578297248106
1.4445255321734258,False,24.0,9.0,2,40.0,12.0,1.5,-9.212016322685153,-1.7220852525490795,6.41369404359433
1.4443927972560728,False,12.0,12.0,0,80.0,12.0,1.5,-6.382469427380955,-2.047542601815826,8.316587147687873
1.4441310246366967,False,24.0,12.0,4,20.0,12.0,1.2,-10.36239913737473,-1.7974958494036375,5.951421277763014
1.4393798553835557,False,30.0,9.0,2,40.0,12.0,1.0,-5.931698186485778,-1.2791530478331723,7.386881966225222
1.4335442262310067,False,18.0,9.0,0,80.0,6.0,1.0,-6.590435036753838,-1.5306824121674323,7.431889773016308
1.4185944013751506,False,18.0,9.0,2,40.0,6.0,1.2,-8.294053012940669,-1.5631420942499006,6.621295395618667
1.4175005492634352,False,24.0,3.0,0,20.0,12.0,1.5,-2.9367163211031753,-1.0468003659727407,8.524904223065816
1.415744444378305,False,12.0,6.0,2,20.0,6.0,1.5,-4.795013332739763,-1.240280470899348,7.885097822194868
1.409188781995991,False,18.0,6.0,2,40.0,6.0,1.5,-6.845353706104409,-1.3933615271986668,7.086271388770366
1.4057654063307865,False,18.0,6.0,0,80.0,6.0,1.5,-7.304606814512312,-1.6311641473443308,7.211637076952308
1.400455021666728,False,18.0,9.0,0,80.0,6.0,1.2,-8.69828233115217,-1.8319632021800007,6.813342708553855
1.3938241656544186,False,18.0,12.0,0,80.0,6.0,1.0,-10.439083067004749,-2.108487256941572,6.354412994763767
1.389953657765572,False,18.0,12.0,0,80.0,12.0,1.2,-8.100100764575087,-1.9713095025577427,7.316202260458431
1.388905794686207,False,12.0,12.0,2,40.0,12.0,1.5,-6.269930010524689,-1.8656028924804018,8.072203790827936
1.3873975417054716,False,18.0,12.0,2,40.0,12.0,1.2,-7.880338630162634,-1.7045965670230723,7.024735866332602
1.384191548180012,False,12.0,12.0,4,20.0,6.0,1.2,-7.9944070464236034,-1.6318555732147404,6.85698717072689
1.367943204476867,False,30.0,3.0,4,20.0,6.0,1.5,-3.666664600117116,-0.8142686273098657,7.786353803171249
1.3672427901033881,False,24.0,9.0,0,80.0,6.0,1.2,-11.375221597456575,-2.1048770256940545,5.867637694891063
1.3669271388292712,False,24.0,12.0,0,80.0,12.0,1.0,-8.932308508993751,-1.9289088729266295,6.824984184334279
1.3657710451366043,False,30.0,9.0,2,40.0,12.0,1.2,-8.382867567808235,-1.56368949104262,6.551297535254689
1.3634251410380376,False,30.0,6.0,2,40.0,12.0,1.5,-6.7346336598914815,-1.378687178023412,7.096738067634971
1.3517092770553178,False,24.0,6.0,2,40.0,6.0,1.5,-8.990066968269929,-1.572234004161764,6.253483720661915
1.3473532052678205,False,30.0,12.0,2,80.0,12.0,1.5,-14.818968286505582,-2.928245698873601,5.370872567718096
1.3468221809896548,False,12.0,12.0,4,20.0,12.0,1.5,-6.238221948558723,-1.780999189718141,7.940110460819252
1.338799202842127,False,30.0,6.0,4,20.0,6.0,1.2,-6.213089079893192,-1.1260939189569354,6.966307499936446
1.3355667216048817,False,12.0,12.0,2,40.0,6.0,1.2,-8.03129233914587,-1.7535850101661639,6.996826266505327
1.3340437570480472,False,24.0,6.0,2,20.0,6.0,1.0,-2.610238226746877,-0.7688264891773643,8.229454058943206
1.3260620578800317,False,24.0,12.0,2,80.0,12.0,1.5,-12.0234685463251,-2.5843194884337084,6.242087548454603
1.3156728624802234,False,30.0,12.0,2,80.0,6.0,1.5,-20.605777343896026,-3.8268695371734593,3.8095636250788627
1.3156709026953752,False,30.0,6.0,0,80.0,6.0,1.5,-11.714687721880884,-2.073295203741738,5.624745956046428
1.2945112358636646,False,18.0,6.0,0,40.0,12.0,1.5,-4.788077018930742,-1.4108976343360053,8.083875119997044
1.293283043742968,False,18.0,9.0,2,20.0,12.0,1.2,-5.294418820550535,-1.3334111525006562,7.713860400373775
1.2856477838550493,False,18.0,9.0,0,80.0,6.0,1.5,-11.021965236123885,-2.229520732118628,6.190433932070099
1.2766222111082595,False,24.0,6.0,0,40.0,12.0,1.2,-3.8854535962709194,-1.2153802457685479,8.232966236098067
1.2691653756636407,False,12.0,9.0,0,40.0,6.0,1.0,-4.793646659508339,-1.403243335431478,8.056935921251442
1.2686663597750973,False,30.0,9.0,0,80.0,12.0,1.0,-6.490396775946352,-1.5286453764033379,7.396414416545954
1.2678769168001036,False,12.0,6.0,0,20.0,6.0,1.2,-3.719398534159287,-1.2440837782288623,8.354676418690277
1.263685106197173,False,24.0,3.0,0,80.0,6.0,1.5,-3.918097715468136,-1.1194370836531662,8.066260880870843
1.2630962652242559,False,24.0,9.0,0,80.0,12.0,1.5,-9.54209267773577,-2.045722568503043,6.643397206525382
1.2554865168917164,False,24.0,6.0,2,40.0,6.0,1.2,-5.316559268194248,-1.1681424760783032,7.435988898492764
1.2551270413370856,False,30.0,3.0,0,40.0,12.0,1.5,-3.204223602048291,-1.0657826798827588,8.33843729949511
1.2385643867918414,False,24.0,12.0,2,20.0,6.0,1.2,-16.117071350162217,-2.516016794530323,4.0490832701368715
1.2380076123655677,False,30.0,12.0,0,80.0,12.0,1.0,-11.040754860444537,-2.164637384871949,6.059894013295014
1.2332335513745782,False,24.0,9.0,2,40.0,6.0,1.0,-8.029613168428362,-1.4818089136755717,6.53883512201304
1.2232639826650953,False,30.0,12.0,4,40.0,12.0,1.5,-15.084981451410021,-2.8357385705211766,5.037060681435877
1.2054476147154016,False,30.0,6.0,0,80.0,12.0,1.5,-7.2888672191289965,-1.6404621205003833,7.133294938570352
1.2011468474880402,False,18.0,12.0,4,40.0,12.0,1.5,-9.179826491749099,-2.139371026495476,6.93402827763926
1.1933396729614971,False,30.0,9.0,0,80.0,12.0,1.5,-11.79321113199456,-2.2936134617574213,5.854796023146175
1.1768664023342836,False,30.0,9.0,0,80.0,12.0,1.2,-8.910180086211204,-1.8623711705097634,6.64121147385276
1.172816696170682,False,30.0,6.0,2,20.0,12.0,1.2,-4.002514984719739,-1.0702611625496938,7.904854159576587
1.1540779565435448,False,12.0,12.0,0,40.0,12.0,1.2,-5.6562162575430674,-1.7722034984283492,8.121547657169337
1.1509217328437975,False,30.0,6.0,0,20.0,12.0,1.0,-2.8851593311843806,-1.0293522761605345,8.391221175097085
1.1481797262621765,False,18.0,12.0,2,40.0,6.0,1.2,-11.936103189524106,-2.1227480584102625,5.504471916011004
1.1455490904048284,False,24.0,12.0,2,40.0,12.0,1.2,-10.437119518024957,-1.9610633543682523,6.010121377768889
1.1288929211582506,False,12.0,9.0,2,20.0,6.0,1.2,-5.783554024844854,-1.408547984675448,7.499802985196445
1.1271158752206523,False,18.0,3.0,0,40.0,6.0,1.5,-3.4325505875393567,-1.1156852060739768,8.235122012978188
1.1044669326096237,False,30.0,3.0,2,40.0,6.0,1.5,-3.969640131097149,-0.9640394363939166,7.727784115373687
1.1034943447305885,False,24.0,6.0,0,80.0,6.0,1.5,-9.567093120867849,-1.8877676443857805,6.314163638536615
1.0999639831430272,False,12.0,6.0,0,40.0,6.0,1.5,-5.282432904615267,-1.5026504054614351,7.8770527074826076
1.0792905957457926,False,24.0,9.0,2,20.0,12.0,1.0,-4.983851426349452,-1.2566742934180384,7.647042584851802
1.0755990257416395,False,18.0,6.0,2,20.0,6.0,1.2,-4.271085309315335,-1.1147309551893374,7.788664851023733
1.0539415927031444,False,12.0,12.0,0,20.0,12.0,1.0,-4.96899554821568,-1.639466038590325,8.215983640155795
1.0527417208892533,False,30.0,12.0,0,40.0,6.0,1.0,-17.635282810157168,-2.9645860109223423,3.869920031776131
1.0516825105201644,False,30.0,6.0,2,20.0,6.0,1.5,-11.458640635506347,-1.808477857671715,5.223549284041057
1.040641821092283,False,30.0,9.0,0,80.0,6.0,1.0,-10.589860098440434,-1.9639913883956588,5.885689503945987
1.0184124161628212,False,30.0,9.0,0,40.0,6.0,1.5,-18.57355860118371,-3.1482377512274695,3.6590950943573346
0.9986137299234059,False,24.0,9.0,0,80.0,6.0,1.0,-8.63678416533588,-1.7811501169366935,6.566951517725378
0.9982818965198534,False,30.0,6.0,0,80.0,6.0,1.0,-3.6929683839512735,-1.075352235276852,7.979996669226143
0.9954934914076805,False,24.0,12.0,0,80.0,6.0,1.2,-15.741220341993705,-2.932965024832159,4.740895671981801
0.9919147925449492,False,30.0,6.0,2,40.0,6.0,1.2,-6.5143830089870045,-1.292881755842864,6.892400085569843
0.9852196336709911,False,24.0,6.0,0,80.0,6.0,1.2,-5.979581033992546,-1.4461785357888879,7.386398663549129
0.9688694669176936,False,18.0,6.0,0,20.0,6.0,1.0,-3.1143289961652627,-1.0861983657519765,8.270879344030755
0.905725552540984,False,24.0,12.0,4,40.0,12.0,1.5,-12.165463656619687,-2.528071916501879,5.876550382740041
0.9013753821897277,False,24.0,3.0,2,20.0,6.0,1.5,-3.493843473960839,-0.9597879997917608,7.85775951382866
0.8951735895189254,False,30.0,3.0,0,20.0,6.0,1.2,-2.0557845656840756,-0.8079977724125501,8.346002730562825
0.891295215095135,False,18.0,12.0,2,20.0,12.0,1.0,-6.654304925577963,-1.5602857480073158,7.173235326796134
0.886862712045204,False,24.0,6.0,2,20.0,12.0,1.5,-5.642740884710243,-1.3588349891301963,7.37462495738935
0.8837185901620419,False,18.0,9.0,0,40.0,12.0,1.2,-5.800066217100388,-1.6232465021444737,7.691007499774113
0.8747104339156806,False,24.0,12.0,4,40.0,6.0,1.5,-17.582350549106142,-3.3250823811443535,4.3481150741478745
0.8664651648991599,False,12.0,12.0,4,40.0,6.0,1.5,-8.974566416056193,-2.263955555287647,7.056194267379529
0.8637117083771697,False,18.0,9.0,0,20.0,12.0,1.0,-4.584402249530997,-1.458945710917743,8.042384855826276
0.8339581959125741,False,24.0,12.0,0,80.0,12.0,1.2,-10.699207285640078,-2.33866258380278,6.289680890866993
0.8259428575622145,False,24.0,9.0,2,20.0,6.0,1.2,-11.236484855680578,-1.873825388427803,5.319778643609098
0.8253083066904727,False,12.0,12.0,2,20.0,6.0,1.0,-7.028465144266346,-1.6168508771573336,7.038009456974638
0.8160014586552249,False,12.0,9.0,0,20.0,12.0,1.5,-5.267428562705281,-1.745816719214578,8.107323086823413
0.8007348762197086,False,30.0,12.0,0,80.0,12.0,1.2,-13.214202412531256,-2.6246960706501334,5.444621897846002
0.7973346679634106,False,30.0,6.0,2,20.0,6.0,1.0,-3.161770606641397,-0.8705287770994087,7.837886756336695
0.77879565963286,False,12.0,9.0,0,40.0,6.0,1.2,-6.234528326582861,-1.6995438383431394,7.535760984066283
0.7413520193267686,False,24.0,12.0,2,80.0,6.0,1.5,-17.110042574486787,-3.438300699393682,4.687417331537088
0.7308815125932968,False,18.0,9.0,2,20.0,12.0,1.5,-7.135243892941898,-1.6498138443302406,6.986851136347635
0.7089352562988882,False,18.0,12.0,0,80.0,6.0,1.2,-12.055252691793,-2.5488812837061516,5.864474767838747
0.687811432876007,False,30.0,9.0,2,20.0,6.0,1.0,-10.253087836726502,-1.7211985482286194,5.513471180444256
0.6774358053264979,False,12.0,9.0,2,20.0,6.0,1.5,-7.442811661431068,-1.7021791187197257,6.884892310053878
0.6648456827672806,False,30.0,3.0,0,20.0,12.0,1.5,-3.6120641927962147,-1.2166551843451743,8.06568508152987
0.6516911974598232,False,24.0,6.0,0,20.0,12.0,1.2,-4.2489173117817405,-1.367010762312506,7.966214646334375
0.6516497807929209,False,30.0,3.0,0,80.0,6.0,1.5,-4.776063254097902,-1.27946937258546,7.571308882252274
0.6479846712445383,False,18.0,12.0,2,80.0,6.0,1.5,-13.138096702348845,-2.938999893638446,5.87775538493209
0.6462164676039892,False,24.0,6.0,0,40.0,6.0,1.0,-3.528299511814872,-1.1321135506692235,7.971440363924969
0.638172430983678,False,30.0,9.0,2,20.0,12.0,1.5,-11.729701544783046,-2.036067401952369,5.222648106055444
0.6047234257330762,False,24.0,9.0,2,20.0,12.0,1.2,-6.994747640505214,-1.5501112329172513,6.844466302016383
0.5956661709750026,False,30.0,12.0,2,20.0,12.0,1.0,-10.92304064221914,-1.9373207724473154,5.456605483075479
0.5901181547901198,False,18.0,6.0,0,20.0,12.0,1.5,-5.0883680948916306,-1.5747719836067222,7.827344565385903
0.5764141696151013,False,30.0,6.0,0,80.0,6.0,1.2,-7.325115735986169,-1.6225366458832067,6.773765745665851
0.5658527352714291,False,18.0,9.0,2,20.0,6.0,1.0,-6.342473758503149,-1.4333052493095961,6.975958922375109
0.565783109377497,False,30.0,9.0,2,20.0,12.0,1.0,-6.168683846438644,-1.4083853849557324,7.0254392689296
0.5596586498975196,False,30.0,9.0,0,40.0,6.0,1.2,-14.823595588145066,-2.5791642420295884,4.451089453947184
0.5547490707623073,False,12.0,9.0,0,20.0,6.0,1.0,-5.09695371533727,-1.5664348014754639,7.792861439952289
0.5495158552227473,False,24.0,9.0,0,40.0,12.0,1.0,-5.657566265050416,-1.5672608496036904,7.511177629518276
0.5472807183049175,False,30.0,6.0,0,40.0,12.0,1.2,-4.798044705514696,-1.4002817578013997,7.689352203123785
0.5204140902197567,False,18.0,6.0,0,40.0,6.0,1.2,-5.025894678660252,-1.4368578269441372,7.616858006222533
0.5064033009161184,False,18.0,3.0,0,20.0,6.0,1.5,-3.854473448330166,-1.2707669994974007,7.946426985565652
0.4958644100150269,False,12.0,12.0,2,20.0,12.0,1.5,-6.377167543332072,-2.0487879929628012,7.846841982812254
0.4757864796171587,False,18.0,12.0,2,20.0,6.0,1.0,-10.429428545634448,-1.9261268351485332,5.62668077974073
0.4739662003752354,False,18.0,6.0,2,20.0,6.0,1.5,-7.084691170867586,-1.5283226991361094,6.701433123484564
0.4519296294914561,False,30.0,6.0,2,20.0,12.0,1.5,-6.985709929518619,-1.5115069922977826,6.714681898459667
0.4378302990836547,False,24.0,6.0,2,20.0,6.0,1.5,-9.30556667730538,-1.7016119976418524,5.832861367378491
0.43554902185552535,False,30.0,12.0,2,20.0,12.0,1.2,-13.268351780375225,-2.3129620439754435,4.76735324672989
0.42362445540720817,False,24.0,6.0,2,20.0,6.0,1.2,-5.579656193700253,-1.2886510594856617,7.069272280108545
0.42163031375252835,False,24.0,12.0,2,20.0,12.0,1.0,-8.806625250809978,-1.7858235230903396,6.20054937613336
0.4184808967882745,False,18.0,9.0,2,20.0,6.0,1.5,-11.06161925628004,-2.0227611900946987,5.426884165422741
0.418008904533103,False,18.0,9.0,2,20.0,6.0,1.2,-8.552083830557086,-1.704997406347785,6.204770206536261
0.40052095566699997,False,30.0,9.0,2,20.0,12.0,1.2,-8.662688925248302,-1.7023745421441376,6.13678938845213
0.3813005718671789,False,30.0,12.0,2,40.0,6.0,1.5,-21.787225749080008,-4.121852283291907,3.19412739635802
0.35515231791067947,False,18.0,12.0,0,40.0,12.0,1.0,-7.107037296603502,-1.9109733682464105,7.204829123049779
0.3547195757781587,False,30.0,3.0,2,20.0,6.0,1.5,-4.239957245726979,-1.0748278268455997,7.383934465320564
0.34502964633481525,False,12.0,12.0,0,40.0,6.0,1.0,-7.385478749242224,-1.9684753849679728,7.14680008602483
0.3384931032588545,False,24.0,9.0,2,20.0,12.0,1.5,-9.450360606854622,-1.881487930055445,5.980609703311859
0.33796973792873786,False,24.0,6.0,0,40.0,12.0,1.5,-6.318808914117096,-1.6847302900581445,7.250987407019612
0.3319885195246215,False,30.0,12.0,0,40.0,6.0,1.2,-20.223980739453925,-3.6454340142060304,3.2364664713709694
0.3264283597398894,False,24.0,9.0,2,20.0,6.0,1.0,-8.328294426080765,-1.6094272378786723,6.127519383674145
0.32537143510035804,False,12.0,6.0,0,20.0,6.0,1.5,-5.584909652585353,-1.6749076198991857,7.596903881132856
0.2865885349967945,False,18.0,12.0,2,20.0,12.0,1.2,-8.053067712964264,-1.8765435800801227,6.645887341163024
0.28393049899694134,False,12.0,12.0,0,20.0,12.0,1.2,-5.836465731410256,-1.9935361685742807,7.9283481966813385
0.25636908312573325,False,18.0,12.0,4,40.0,6.0,1.5,-13.354961753789247,-2.87841709681635,5.482640869919343
0.20178634354352987,False,12.0,12.0,2,20.0,6.0,1.2,-8.182678773890787,-1.9311107087235442,6.6205314079382624
0.1822655871623029,False,24.0,3.0,0,40.0,6.0,1.5,-4.460471054965516,-1.332369112483864,7.573762494850764
0.1809564981815761,False,30.0,12.0,4,20.0,12.0,1.5,-15.403933615695195,-3.0115817709948405,4.620195657762026
0.15651756066068323,False,30.0,6.0,2,20.0,6.0,1.2,-6.830057875996186,-1.410245921413976,6.4929102844797875
0.14274951938033453,False,30.0,12.0,0,20.0,6.0,1.0,-18.45983136134368,-3.2423178108406447,3.4192473553058687
0.13328674106599436,False,12.0,9.0,0,40.0,6.0,1.5,-7.763073016555015,-2.081880460459994,7.022239112972056
0.1292348472295206,False,18.0,9.0,0,40.0,12.0,1.5,-7.5637579854492465,-2.0289040479299936,7.0404060628117024
0.12071963795256302,False,18.0,12.0,4,20.0,12.0,1.5,-9.324269457476687,-2.312388740563733,6.581119761110112
0.04649892305251857,False,12.0,12.0,0,40.0,12.0,1.5,-6.58738886541352,-2.3848338121570847,8.0211173070817
0.04436141084837608,False,18.0,9.0,0,20.0,12.0,1.2,-6.102287472641421,-1.8076987688842054,7.396896682456361
0.02954484594211948,False,30.0,9.0,0,20.0,6.0,1.5,-19.408650978010176,-3.457990075576697,3.2117436073575925
0.022293162812468736,False,18.0,12.0,2,40.0,12.0,1.5,-9.358165075987701,-2.44549011863119,6.714610781385744
0.005321809677376166,False,30.0,6.0,0,40.0,6.0,1.5,-12.550554577291237,-2.328766536207818,4.934844980531372
-0.016442430485174242,False,18.0,9.0,0,40.0,6.0,1.0,-7.073504857457606,-1.7816556114057323,6.841821333163783
-0.02300423212732472,False,24.0,9.0,0,40.0,12.0,1.2,-7.659650603470166,-1.918381314715574,6.75055611430119
-0.027598862880862995,False,24.0,12.0,2,20.0,12.0,1.2,-10.678693630964409,-2.136814172084108,5.566386571230101
-0.04605842268550653,False,24.0,12.0,4,20.0,6.0,1.5,-17.98692457095004,-3.5066374598275143,3.957776252950072
-0.04973705590748967,False,24.0,6.0,0,20.0,6.0,1.0,-4.032526614673064,-1.2976963113558024,7.619724191770001
-0.05901752264493432,False,18.0,12.0,2,20.0,6.0,1.2,-12.189770763758098,-2.303529903775942,5.045212272488971
-0.07091178129462605,False,18.0,12.0,0,80.0,12.0,1.5,-9.500599887426285,-2.7593596788798593,7.067595243985909
-0.07264243502921897,False,30.0,6.0,0,40.0,6.0,1.0,-4.2904359758546775,-1.288513567827476,7.465542706325841
-0.11743101316862425,False,30.0,9.0,0,40.0,12.0,1.0,-6.996679729271709,-1.7724897440591,6.815990804895058
-0.12871980262753802,False,12.0,9.0,0,20.0,6.0,1.2,-6.526256870057053,-1.8926639760261443,7.225819187723496
-0.13116779686286684,False,18.0,6.0,0,40.0,6.0,1.5,-7.79836643551965,-1.893936351942371,6.590448971748873
-0.14855894016110405,False,24.0,12.0,0,40.0,6.0,1.0,-14.383506335120844,-2.74872840521208,4.571371530203721
-0.17868483482299347,False,12.0,12.0,4,20.0,6.0,1.5,-9.09353116159139,-2.44229692401002,6.741648947834413
-0.18242644721052947,False,12.0,12.0,0,80.0,6.0,1.5,-9.126902492026904,-2.84479389844323,7.326837938072703
-0.18685530887730195,False,30.0,6.0,0,20.0,12.0,1.2,-5.240854532352575,-1.5631678488607346,7.345208412702738
-0.20192959095658125,False,30.0,9.0,0,20.0,6.0,1.2,-15.596708431131773,-2.7954751235179796,4.008205234259367
-0.20360732086852895,False,12.0,12.0,2,40.0,6.0,1.5,-9.093368605225413,-2.5644623880422754,6.912517179043017
-0.2277455206393686,False,24.0,12.0,4,20.0,12.0,1.5,-12.38223189206181,-2.7060878371580217,5.468454609413018
-0.23960105473801097,False,18.0,6.0,0,20.0,6.0,1.2,-5.463604098051287,-1.6025095408329637,7.266473294881371
-0.243933895280386,False,24.0,9.0,0,40.0,6.0,1.2,-12.087383263431079,-2.39242874507869,5.137296098288878
-0.24868080981776686,False,30.0,12.0,2,20.0,6.0,1.5,-22.58470038885446,-4.356741148918398,2.832732684068058
-0.25100782503606833,False,24.0,9.0,0,20.0,12.0,1.0,-6.043753210640799,-1.7395195301576738,7.176210337424652
-0.25689311487495914,False,30.0,6.0,0,40.0,12.0,1.5,-7.815801141929754,-1.894991903727382,6.520452287215291
-0.26666748686172603,False,30.0,9.0,0,40.0,6.0,1.0,-11.385191994728613,-2.210609724830888,5.204296406477737
-0.27575233143807054,False,24.0,9.0,0,40.0,6.0,1.5,-15.147121818564257,-2.9133994526272673,4.372973663966312
-0.30345029562212567,False,18.0,9.0,0,40.0,6.0,1.2,-9.21568083834335,-2.119911028149468,6.134612535268039
-0.3259025905748816,False,24.0,6.0,0,40.0,6.0,1.2,-6.568472937485755,-1.6780865888311558,6.78425367924299
-0.4047294900958409,False,30.0,12.0,2,40.0,12.0,1.5,-15.368734165560356,-3.223942770330011,4.663493887693493
-0.4137262298239808,False,24.0,6.0,0,40.0,6.0,1.5,-10.224443081191488,-2.1519890196881923,5.623210434051129
-0.4278306913051626,False,30.0,9.0,0,40.0,12.0,1.2,-9.478403790187086,-2.13976592101548,5.970843200803671
-0.4326537184236354,False,24.0,12.0,0,40.0,12.0,1.0,-9.398815651379474,-2.2389920505726395,6.15706495098398
-0.4385878677998365,False,18.0,12.0,0,40.0,12.0,1.2,-8.433875423924716,-2.3140826943910016,6.749203955750801
-0.44528135906622524,False,12.0,12.0,0,40.0,6.0,1.2,-8.43583816906793,-2.3656285758749367,6.8221946597719025
-0.47227405782769516,False,24.0,9.0,0,40.0,6.0,1.0,-9.272538557704694,-2.0353755365075425,5.894968557021694
-0.515104059457042,False,30.0,3.0,0,40.0,6.0,1.5,-5.429285078109508,-1.5002377377391964,6.992473597852094
-0.5188304360405578,False,24.0,6.0,0,20.0,12.0,1.5,-6.711670476430267,-1.8659495069275727,6.897985364182522
-0.5534261385649959,False,24.0,12.0,2,40.0,12.0,1.5,-12.398769743032986,-2.8823342263497067,5.561714958752144
-0.5534798098859826,False,24.0,3.0,0,20.0,6.0,1.5,-4.9991776351304775,-1.4998699952450254,7.187787830385883
-0.5700991624845173,False,18.0,12.0,0,40.0,6.0,1.0,-10.947872458311549,-2.441005457426225,5.616833935767879
-0.571328553987895,False,30.0,12.0,0,40.0,12.0,1.0,-11.641960077774698,-2.482089169927493,5.330800999036518
-0.6283600119002415,False,24.0,9.0,0,40.0,12.0,1.5,-10.007992488961284,-2.3741731984676266,5.957395107297252
-0.6770342325964744,False,18.0,12.0,0,20.0,12.0,1.0,-7.400540560580201,-2.1317676471816154,6.87317563421066
-0.6923783443169977,False,30.0,9.0,0,40.0,12.0,1.5,-12.400967089268155,-2.630694140328297,5.113680053726444
-0.6960327548627454,False,30.0,6.0,0,20.0,6.0,1.5,-13.28527548095091,-2.519010734440257,4.502173543780133
-0.7125115977217282,False,30.0,6.0,0,40.0,6.0,1.2,-8.042170778482271,-1.8537924995130128,6.1176591211940945
-0.7568306265810563,False,12.0,12.0,0,20.0,6.0,1.0,-7.649562252315932,-2.1998331722644537,6.810864878974761
-0.771782054761184,False,18.0,9.0,0,40.0,6.0,1.5,-11.520316800588953,-2.5834022749048873,5.443365544708837
-0.7876416965168538,False,30.0,12.0,0,20.0,6.0,1.2,-21.09372561944836,-4.032475087627083,2.8223405334845926
-0.8300564989772852,False,30.0,6.0,0,20.0,6.0,1.0,-4.89236311156959,-1.4615289790116461,7.0453952232706065
-0.834105632547244,False,24.0,12.0,2,40.0,6.0,1.5,-17.805673479671125,-3.745964101907036,4.013368156777944
-0.8722943348384913,False,18.0,12.0,4,20.0,6.0,1.5,-13.577367530041053,-3.0652825911021258,5.087404514239991
-0.9090033620337126,False,18.0,9.0,0,20.0,6.0,1.0,-7.515293547168724,-1.9649714151467323,6.449620228145455
-0.9362509812414341,False,12.0,12.0,0,20.0,12.0,1.5,-6.7523219033711825,-2.6613375571559517,7.862031453454194
-0.9646582572397193,False,30.0,9.0,0,20.0,6.0,1.0,-12.098188076318666,-2.3917519200632236,4.770516273342218
-0.9756492033311002,False,30.0,9.0,0,20.0,12.0,1.0,-7.46934327310478,-1.9527937323353466,6.4210059203116545
-0.9761486947043441,False,18.0,9.0,0,20.0,12.0,1.5,-7.850922506998529,-2.266561502303213,6.700618212629958
-1.0000628891005992,False,24.0,9.0,0,20.0,12.0,1.2,-8.058722926225109,-2.120679891129232,6.365938489057569
-1.0091034507925603,False,24.0,12.0,0,40.0,6.0,1.2,-16.499423870397877,-3.3530838680381874,3.9896737014886376
-1.0414130099227314,False,12.0,9.0,0,20.0,6.0,1.5,-8.012884084643435,-2.33131245419213,6.684131694031687
-1.0425335251672596,False,24.0,12.0,0,80.0,12.0,1.5,-12.53542944578154,-3.3328461457952936,5.924599293245115
-1.0693393736387975,False,18.0,6.0,0,20.0,6.0,1.5,-8.242397879908088,-2.0863466093112315,6.187962847219979
-1.1301646041577378,False,24.0,6.0,0,20.0,6.0,1.2,-7.131185486153071,-1.8501627250652428,6.358880602469035
-1.1533563763601569,False,30.0,6.0,0,20.0,12.0,1.5,-8.298748701500424,-2.083692557239883,6.113797856956109
-1.1762554436572383,False,18.0,12.0,2,20.0,12.0,1.5,-9.53013636185886,-2.660265471161507,6.351513864010786
-1.208020574489332,False,24.0,12.0,0,40.0,12.0,1.2,-11.167158879484377,-2.7108232376822197,5.592956689563049
-1.2080744708758662,False,30.0,12.0,0,40.0,12.0,1.2,-13.842073711145455,-3.0101248672223306,4.70442476984941
-1.213780888896098,False,24.0,9.0,0,20.0,6.0,1.2,-12.679328896542714,-2.6112536703601776,4.684637172847435
-1.2306749715412995,False,18.0,12.0,2,40.0,6.0,1.5,-13.52942705578972,-3.2529457076412474,5.213679107822936
-1.2638332280540112,False,30.0,3.0,0,20.0,6.0,1.5,-6.074172312873283,-1.671126542982324,6.551998604036414
-1.2880319368796567,False,24.0,6.0,0,20.0,6.0,1.5,-10.809535491098565,-2.3466102653256775,5.18544324402598
-1.31446284308109,False,24.0,12.0,0,20.0,6.0,1.0,-14.971275498871494,-3.022114128069221,4.104613581154115
-1.322563942085063,False,24.0,9.0,0,20.0,6.0,1.0,-9.848739048857546,-2.221112977208937,5.460329530368676
-1.3632101515280013,False,18.0,9.0,0,20.0,6.0,1.2,-9.65269446667752,-2.33515117714698,5.709086016644284
-1.3694222907020759,False,12.0,12.0,2,20.0,6.0,1.5,-9.230232021105797,-2.7869245574726342,6.59487124033159
-1.4176751559535,False,30.0,9.0,0,20.0,12.0,1.2,-9.97465118657763,-2.34949333507218,5.54238839136928
-1.4455079847149523,False,30.0,6.0,0,20.0,6.0,1.2,-8.722394709264783,-2.0238455590190476,5.666128551565278
-1.4532547924586314,False,30.0,12.0,0,80.0,12.0,1.5,-15.440717258783778,-3.806252596353056,4.976704428934954
-1.4903406942501753,False,18.0,12.0,0,40.0,6.0,1.2,-12.537849978235649,-2.954157863687014,5.131453019314184
-1.5345545938787133,False,24.0,9.0,0,20.0,6.0,1.5,-15.72467067596794,-3.2149294434304028,3.9070930902488517
-1.5874076995990514,False,30.0,12.0,2,20.0,12.0,1.5,-15.735212384271941,-3.451888532296851,4.230834316536355
-1.5983631159516563,False,24.0,12.0,0,20.0,12.0,1.0,-9.793427882701499,-2.481853102119397,5.741195713879093
-1.6696035733775378,False,18.0,12.0,0,20.0,12.0,1.2,-8.709484379254882,-2.590863294242465,6.411062525074063
-1.7289134741316872,False,12.0,12.0,0,20.0,6.0,1.2,-8.660286071217799,-2.656485976850679,6.5044407526278505
-1.73153597523787,False,30.0,12.0,0,20.0,12.0,1.0,-12.144309838868594,-2.735886062624546,4.880217746910161
-1.8003219049063013,False,18.0,12.0,0,80.0,6.0,1.5,-13.4919817414605,-3.7394779649793475,5.677376684312196
-1.8255827766224346,False,24.0,12.0,2,20.0,12.0,1.5,-12.652540880280613,-3.108512051544551,5.1380178088918775
-1.8404700794632465,False,18.0,12.0,0,20.0,6.0,1.0,-11.359171096802891,-2.703482066643975,5.1697140718594685
-1.8712395378557813,False,24.0,9.0,0,20.0,12.0,1.5,-10.39695266284942,-2.6368274258797095,5.535456598493538
-1.9163442115759128,False,24.0,12.0,2,20.0,6.0,1.5,-18.250192440770764,-3.986509040691242,3.610806794890099
-1.9285067776813722,False,30.0,9.0,0,20.0,12.0,1.5,-12.901264423470865,-2.906848378095317,4.659698526593432
-2.0487260155572855,False,18.0,12.0,0,40.0,12.0,1.5,-9.83016061778598,-3.177780979252757,6.541539712234077
-2.089429481568809,False,12.0,12.0,0,40.0,6.0,1.5,-9.38604042679291,-3.2780575292256864,6.893662899684245
-2.1318207905635624,False,18.0,9.0,0,20.0,6.0,1.5,-11.915369926152104,-2.8695362090397025,4.995020515228295
-2.3661747791737966,False,30.0,12.0,0,80.0,6.0,1.5,-21.11541451737821,-4.982937187677361,3.4479226932666136
-2.37909082398253,False,24.0,12.0,0,80.0,6.0,1.5,-17.558566302359264,-4.430106407105945,4.390642607514595
-2.428025914355196,False,24.0,12.0,0,20.0,6.0,1.2,-17.064079464934654,-3.722350047455656,3.5517839415651338
-2.5190284399152336,False,18.0,12.0,2,20.0,6.0,1.5,-13.779580893485296,-3.4940888323396444,4.806140141835777
-2.5809181857732533,False,30.0,12.0,0,20.0,12.0,1.2,-14.34296593958571,-3.3405930108656823,4.263259013645617
-2.5878498066999907,False,24.0,12.0,0,20.0,12.0,1.2,-11.547076954644252,-3.0207189346968026,5.177926581399658
-2.999381965448471,False,18.0,12.0,0,20.0,6.0,1.2,-12.905131708005669,-3.296444680388257,4.70672174388189
-3.257281822204096,False,24.0,12.0,0,40.0,12.0,1.5,-13.020036493885138,-3.7988376460280775,5.273908871024074
-3.4436455479531745,False,18.0,12.0,0,20.0,12.0,1.5,-10.089458400564345,-3.535359102661374,6.2507982397598765
-3.450048479778861,False,12.0,12.0,0,20.0,6.0,1.5,-9.575100334856735,-3.6483377241451627,6.674243738926521
-3.6208743652755686,False,30.0,12.0,0,40.0,12.0,1.5,-16.130217017247293,-4.3011695230307625,4.290520153311288
-3.9691286719841408,False,30.0,12.0,0,40.0,6.0,1.5,-22.449336474391917,-5.564017714131643,2.8511055580360103
-4.108754294378061,False,18.0,12.0,0,40.0,6.0,1.5,-13.962986947379008,-4.25226905372771,5.056844519739606
-4.530712497476745,False,24.0,12.0,0,40.0,6.0,1.5,-18.367376725890008,-4.984663570825336,3.742262304581201
-4.8489795035096925,False,24.0,12.0,0,20.0,12.0,1.5,-13.392192562008253,-4.211950561650689,4.911651369743637
-5.227167563894195,False,30.0,12.0,0,20.0,12.0,1.5,-16.649203885746427,-4.754290695253423,3.907561878086397
-5.326248112670378,False,30.0,12.0,0,20.0,6.0,1.5,-23.41391503741896,-6.125260043536707,2.5321200502869665
-5.806659609174957,False,18.0,12.0,0,20.0,6.0,1.5,-14.295043861646308,-4.712958183333335,4.732897099615944
-6.208938623539645,False,24.0,12.0,0,20.0,6.0,1.5,-18.930003593317366,-5.503394990173,3.3999329368575695
